playerId,season,name,team,position,situation,games_played,icetime,xGoals,goals,unblocked_shot_attempts,xRebounds,rebounds,xFreeze,freeze,xOnGoal,ongoal,xPlayStopped,playStopped,xPlayContinuedInZone,playContinuedInZone,xPlayContinuedOutsideZone,playContinuedOutsideZone,flurryAdjustedxGoals,lowDangerShots,mediumDangerShots,highDangerShots,lowDangerxGoals,mediumDangerxGoals,highDangerxGoals,lowDangerGoals,mediumDangerGoals,highDangerGoals,blocked_shot_attempts,penalityMinutes,penalties
8470140,2008,Kari Lehtonen,ATL,G,other,46,5232.0,11.45,12.0,132.0,5.5,5.0,15.74,14.0,78.2,80.0,1.79,2.0,41.69,39.0,29.34,38.0,10.8,72.0,23.0,15.0,2.67,2.89,5.89,7.0,1.0,4.0,22.0,0.0,0.0
8470140,2008,Kari Lehtonen,ATL,G,all,46,157455.0,129.82,134.0,2573.0,92.29,93.0,306.98,338.0,1366.01,1498.0,36.75,28.0,762.51,623.0,576.22,745.0,125.46,1497.0,361.0,110.0,46.02,43.49,40.3,42.0,41.0,51.0,605.0,6.0,3.0
8470140,2008,Kari Lehtonen,ATL,G,5on5,46,116930.0,80.79,80.0,1848.0,62.18,70.0,232.18,253.0,984.31,1082.0,26.05,15.0,545.16,426.0,424.98,556.0,78.43,1107.0,253.0,54.0,35.26,29.92,15.61,26.0,34.0,20.0,434.0,6.0,3.0
8470140,2008,Kari Lehtonen,ATL,G,4on5,46,17502.0,31.77,36.0,506.0,22.15,17.0,52.45,61.0,254.4,276.0,1.26,0.0,160.45,145.0,85.81,107.0,30.54,265.0,69.0,35.0,6.22,8.57,16.99,7.0,3.0,26.0,137.0,0.0,0.0
8470140,2008,Kari Lehtonen,ATL,G,5on4,46,17791.0,4.94,6.0,74.0,2.29,0.0,6.2,7.0,46.78,51.0,7.59,11.0,14.27,9.0,35.02,41.0,4.86,44.0,14.0,6.0,1.33,1.78,1.82,2.0,3.0,1.0,10.0,0.0,0.0
8470147,2008,Curtis McElhinney,CGY,G,other,13,1143.0,1.14,3.0,15.0,0.75,2.0,1.8,0.0,8.86,10.0,0.31,0.0,5.45,2.0,3.56,6.0,1.01,9.0,3.0,1.0,0.35,0.39,0.4,1.0,1.0,1.0,2.0,0.0,0.0
8470147,2008,Curtis McElhinney,CGY,G,all,13,27256.0,22.22,27.0,389.0,15.63,20.0,51.15,52.0,227.88,241.0,8.27,10.0,129.78,99.0,94.83,118.0,21.27,240.0,61.0,22.0,7.22,7.77,7.23,7.0,10.0,10.0,66.0,0.0,0.0
8470147,2008,Curtis McElhinney,CGY,G,5on5,13,20172.0,12.85,15.0,261.0,9.48,12.0,35.09,32.0,151.65,160.0,6.24,8.0,85.88,70.0,65.9,82.0,12.48,166.0,38.0,12.0,4.56,4.65,3.63,4.0,6.0,5.0,45.0,0.0,0.0
8470147,2008,Curtis McElhinney,CGY,G,4on5,13,3265.0,6.92,8.0,100.0,4.95,5.0,13.13,19.0,58.63,62.0,0.3,0.0,36.13,26.0,19.85,24.0,6.5,60.0,17.0,6.0,2.18,2.18,2.56,2.0,3.0,3.0,17.0,0.0,0.0
8470147,2008,Curtis McElhinney,CGY,G,5on4,13,2676.0,1.31,1.0,13.0,0.45,1.0,1.13,1.0,8.73,9.0,1.41,2.0,2.32,1.0,5.53,6.0,1.28,5.0,3.0,3.0,0.12,0.55,0.64,0.0,0.0,1.0,2.0,0.0,0.0
8467430,2008,Dany Sabourin,PIT,G,other,19,1965.0,2.4,3.0,55.0,1.81,1.0,5.81,4.0,27.05,27.0,1.13,0.0,13.86,12.0,13.21,17.0,2.36,29.0,6.0,3.0,1.02,0.72,0.65,1.0,2.0,0.0,17.0,0.0,0.0
8467430,2008,Dany Sabourin,PIT,G,all,19,59366.0,43.21,47.0,917.0,32.07,32.0,107.36,112.0,462.96,463.0,13.69,13.0,254.82,214.0,192.89,228.0,41.21,484.0,119.0,44.0,15.14,14.06,14.01,13.0,19.0,15.0,270.0,2.0,1.0
8467430,2008,Dany Sabourin,PIT,G,5on5,19,46009.0,25.93,30.0,659.0,20.71,20.0,77.6,87.0,320.77,325.0,9.97,9.0,176.28,142.0,137.31,161.0,25.26,344.0,89.0,17.0,10.61,10.51,4.81,8.0,15.0,7.0,209.0,2.0,1.0
8467430,2008,Dany Sabourin,PIT,G,4on5,19,5763.0,12.64,13.0,176.0,8.66,9.0,21.4,18.0,98.35,91.0,0.2,0.0,59.15,56.0,32.06,40.0,11.49,97.0,21.0,19.0,3.08,2.53,7.03,4.0,2.0,7.0,39.0,0.0,0.0
8467430,2008,Dany Sabourin,PIT,G,5on4,19,5629.0,1.98,1.0,19.0,0.69,2.0,1.64,2.0,12.41,15.0,2.23,3.0,3.6,2.0,7.73,7.0,1.84,9.0,2.0,5.0,0.27,0.2,1.51,0.0,0.0,1.0,3.0,0.0,0.0
8469514,2008,Peter Budaj,COL,G,other,56,4201.0,7.34,3.0,123.0,4.08,10.0,11.37,8.0,56.79,56.0,1.36,3.0,29.5,31.0,23.11,28.0,6.78,61.0,12.0,8.0,2.4,1.66,3.27,1.0,0.0,2.0,42.0,0.0,0.0
8469514,2008,Peter Budaj,COL,G,all,56,191512.0,136.02,154.0,3070.0,101.74,127.0,341.84,322.0,1503.93,1531.0,45.57,41.0,831.89,684.0,645.44,840.0,131.87,1699.0,366.0,117.0,51.39,44.38,40.25,55.0,52.0,47.0,888.0,0.0,0.0
8469514,2008,Peter Budaj,COL,G,5on5,56,148944.0,90.59,109.0,2316.0,72.69,90.0,271.37,260.0,1144.13,1157.0,35.17,29.0,632.24,494.0,495.38,655.0,88.24,1318.0,272.0,66.0,40.3,32.44,17.84,44.0,43.0,22.0,660.0,0.0,0.0
8469514,2008,Peter Budaj,COL,G,4on5,56,19071.0,32.76,39.0,532.0,22.32,22.0,51.2,45.0,250.17,264.0,0.93,1.0,152.41,141.0,84.06,114.0,31.63,260.0,67.0,38.0,6.84,8.42,17.5,9.0,8.0,22.0,167.0,0.0,0.0
8469514,2008,Peter Budaj,COL,G,5on4,56,19296.0,3.19,3.0,71.0,1.51,0.0,4.27,6.0,36.75,39.0,7.86,8.0,10.3,13.0,35.79,34.0,3.18,47.0,9.0,2.0,1.28,1.1,0.81,1.0,1.0,1.0,13.0,0.0,0.0
8473607,2008,Michal Neuvirth,WSH,G,other,5,107.0,0.11,0.0,4.0,0.07,1.0,0.24,0.0,1.47,2.0,0.13,1.0,0.92,1.0,0.69,1.0,0.11,3.0,0.0,0.0,0.11,0.0,0.0,0.0,0.0,0.0,1.0,0.0,0.0
8473607,2008,Michal Neuvirth,WSH,G,all,5,13193.0,7.95,11.0,180.0,6.61,8.0,21.61,23.0,94.34,102.0,4.34,4.0,51.82,40.0,40.72,48.0,7.67,108.0,19.0,6.0,3.22,2.34,2.38,5.0,3.0,3.0,47.0,0.0,0.0
8473607,2008,Michal Neuvirth,WSH,G,5on5,5,10232.0,4.44,6.0,120.0,4.06,6.0,15.55,17.0,62.87,71.0,3.35,3.0,35.04,27.0,26.71,32.0,4.36,74.0,13.0,1.0,2.58,1.53,0.33,4.0,1.0,1.0,32.0,0.0,0.0
8473607,2008,Michal Neuvirth,WSH,G,4on5,5,1616.0,2.46,2.0,41.0,2.0,1.0,4.4,5.0,20.64,21.0,0.15,0.0,13.1,11.0,6.2,7.0,2.26,22.0,3.0,4.0,0.29,0.41,1.76,0.0,0.0,2.0,12.0,0.0,0.0
8473607,2008,Michal Neuvirth,WSH,G,5on4,5,1238.0,0.94,3.0,15.0,0.48,0.0,1.43,1.0,9.36,8.0,0.71,0.0,2.75,1.0,7.12,8.0,0.94,9.0,3.0,1.0,0.24,0.41,0.29,1.0,2.0,0.0,2.0,0.0,0.0
8471469,2008,Pekka Rinne,NSH,G,other,52,4642.0,10.49,15.0,151.0,5.89,5.0,13.64,15.0,74.72,91.0,1.48,1.0,46.23,46.0,25.82,29.0,10.09,76.0,23.0,13.0,2.93,2.84,4.71,3.0,7.0,5.0,39.0,0.0,0.0
8471469,2008,Pekka Rinne,NSH,G,all,52,178752.0,117.1,119.0,2553.0,92.7,89.0,312.96,400.0,1390.6,1435.0,44.3,57.0,780.05,595.0,596.23,704.0,113.58,1512.0,337.0,103.0,44.37,40.63,32.1,41.0,45.0,33.0,601.0,6.0,3.0
8471469,2008,Pekka Rinne,NSH,G,5on5,52,142070.0,86.35,82.0,2030.0,70.27,69.0,259.43,339.0,1111.83,1139.0,35.7,47.0,618.36,464.0,484.27,561.0,83.85,1232.0,256.0,66.0,36.53,30.64,19.18,34.0,32.0,16.0,476.0,6.0,3.0
8471469,2008,Pekka Rinne,NSH,G,4on5,52,15761.0,15.54,16.0,302.0,14.24,11.0,33.86,40.0,160.75,154.0,1.07,2.0,100.1,70.0,55.72,84.0,15.03,162.0,48.0,15.0,3.88,5.91,5.75,3.0,4.0,9.0,77.0,0.0,0.0
8471469,2008,Pekka Rinne,NSH,G,5on4,52,16279.0,3.74,5.0,50.0,1.68,4.0,4.26,4.0,33.64,39.0,5.72,7.0,9.89,8.0,25.51,25.0,3.64,30.0,9.0,7.0,0.75,1.16,1.83,0.0,2.0,3.0,4.0,0.0,0.0
8462117,2008,Vesa Toskala,TOR,G,other,52,4985.0,10.55,17.0,179.0,5.91,6.0,18.96,16.0,90.43,99.0,2.78,6.0,47.76,49.0,38.54,45.0,10.23,98.0,24.0,12.0,3.57,2.75,4.22,8.0,2.0,7.0,45.0,0.0,0.0
8462117,2008,Vesa Toskala,TOR,G,all,52,177444.0,145.33,163.0,2940.0,104.26,81.0,338.42,307.0,1533.72,1496.0,51.18,56.0,842.76,748.0,653.57,788.0,139.07,1594.0,416.0,137.0,46.97,50.35,48.0,56.0,49.0,58.0,793.0,2.0,1.0
8462117,2008,Vesa Toskala,TOR,G,5on5,52,137610.0,93.79,101.0,2176.0,73.18,57.0,261.03,222.0,1134.3,1086.0,38.47,44.0,621.87,549.0,491.52,609.0,90.52,1193.0,315.0,72.0,35.41,38.12,20.25,43.0,39.0,19.0,596.0,0.0,0.0
8462117,2008,Vesa Toskala,TOR,G,4on5,52,16757.0,36.41,39.0,507.0,23.0,14.0,51.9,64.0,260.9,257.0,0.77,1.0,158.83,133.0,82.42,99.0,33.87,248.0,68.0,47.0,6.49,8.25,21.68,4.0,5.0,30.0,144.0,2.0,1.0
8462117,2008,Vesa Toskala,TOR,G,5on4,52,18092.0,4.16,6.0,71.0,1.95,4.0,5.49,4.0,43.62,49.0,9.03,5.0,12.34,14.0,38.84,33.0,4.05,50.0,8.0,6.0,1.25,1.07,1.85,1.0,3.0,2.0,7.0,0.0,0.0
8473632,2008,Josh Tordjman,ARI,G,other,2,268.0,0.57,1.0,6.0,0.27,1.0,0.75,1.0,3.24,4.0,0.26,0.0,1.27,0.0,1.02,1.0,0.53,1.0,2.0,1.0,0.05,0.22,0.3,0.0,0.0,1.0,2.0,0.0,0.0
8473632,2008,Josh Tordjman,ARI,G,all,2,7062.0,4.87,8.0,109.0,3.57,4.0,12.45,10.0,54.58,62.0,2.33,3.0,29.37,22.0,23.98,29.0,4.79,59.0,12.0,5.0,1.97,1.58,1.33,3.0,3.0,2.0,33.0,0.0,0.0
8473632,2008,Josh Tordjman,ARI,G,5on5,2,5785.0,3.56,7.0,93.0,2.89,3.0,10.64,8.0,45.72,52.0,1.4,3.0,25.79,21.0,19.65,22.0,3.51,52.0,10.0,2.0,1.67,1.36,0.53,3.0,3.0,1.0,29.0,0.0,0.0
8473632,2008,Josh Tordjman,ARI,G,4on5,2,336.0,0.42,0.0,5.0,0.27,0.0,0.8,1.0,3.04,3.0,0.0,0.0,1.58,0.0,0.83,3.0,0.42,3.0,0.0,1.0,0.16,0.0,0.27,0.0,0.0,0.0,1.0,0.0,0.0
8473632,2008,Josh Tordjman,ARI,G,5on4,2,673.0,0.32,0.0,5.0,0.14,0.0,0.26,0.0,2.58,3.0,0.67,0.0,0.73,1.0,2.48,3.0,0.32,3.0,0.0,1.0,0.08,0.0,0.24,0.0,0.0,0.0,1.0,0.0,0.0
8467391,2008,Jason LaBarbera,VAN,G,other,27,2255.0,4.8,4.0,71.0,2.69,4.0,7.84,11.0,39.35,41.0,1.29,1.0,21.55,21.0,16.89,15.0,4.7,43.0,9.0,5.0,1.61,1.22,1.97,1.0,1.0,2.0,14.0,0.0,0.0
8467391,2008,Jason LaBarbera,VAN,G,all,27,85293.0,59.31,66.0,1210.0,47.4,55.0,157.18,147.0,685.39,665.0,21.93,24.0,385.48,322.0,287.9,360.0,56.36,756.0,145.0,60.0,21.84,17.57,19.9,21.0,24.0,21.0,249.0,2.0,1.0
8467391,2008,Jason LaBarbera,VAN,G,5on5,27,63907.0,37.85,44.0,887.0,32.3,35.0,120.51,112.0,499.09,490.0,15.76,21.0,280.82,236.0,214.58,267.0,36.89,567.0,101.0,34.0,16.79,12.12,8.95,18.0,18.0,8.0,185.0,2.0,1.0
8467391,2008,Jason LaBarbera,VAN,G,4on5,27,9981.0,14.11,14.0,218.0,11.3,14.0,25.65,23.0,125.77,115.0,0.62,0.0,76.63,61.0,42.33,61.0,12.37,126.0,31.0,17.0,2.74,3.66,7.71,0.0,4.0,10.0,44.0,0.0,0.0
8467391,2008,Jason LaBarbera,VAN,G,5on4,27,9150.0,1.92,4.0,28.0,0.88,2.0,2.63,0.0,17.94,18.0,4.0,2.0,5.26,3.0,12.79,15.0,1.78,19.0,2.0,3.0,0.67,0.29,0.97,2.0,1.0,1.0,4.0,0.0,0.0
8471305,2008,Daniel Lacosta,CBJ,G,other,3,188.0,0.0,0.0,0.0,0.0,0.0,0.0,0.0,0.0,0.0,0.08,0.0,0.0,0.0,0.0,0.0,0.0,0.0,0.0,0.0,0.0,0.0,0.0,0.0,0.0,0.0,0.0,0.0,0.0
8471305,2008,Daniel Lacosta,CBJ,G,all,3,9341.0,5.7,4.0,141.0,4.99,3.0,18.38,11.0,78.59,80.0,2.28,2.0,44.85,34.0,34.65,54.0,5.46,96.0,9.0,7.0,2.34,0.95,2.41,2.0,1.0,1.0,29.0,0.0,0.0
8471305,2008,Daniel Lacosta,CBJ,G,5on5,3,7704.0,3.6,3.0,103.0,3.45,2.0,13.95,7.0,56.36,56.0,1.95,2.0,32.26,25.0,24.98,39.0,3.49,71.0,5.0,5.0,1.85,0.58,1.17,2.0,1.0,0.0,22.0,0.0,0.0
8471305,2008,Daniel Lacosta,CBJ,G,4on5,3,1037.0,1.77,1.0,29.0,1.26,1.0,3.23,2.0,15.64,16.0,0.05,0.0,10.13,8.0,5.12,10.0,1.64,17.0,3.0,2.0,0.27,0.27,1.24,0.0,0.0,1.0,7.0,0.0,0.0
8471305,2008,Daniel Lacosta,CBJ,G,5on4,3,412.0,0.17,0.0,5.0,0.12,0.0,0.5,1.0,3.68,4.0,0.13,0.0,1.1,0.0,3.01,3.0,0.17,4.0,1.0,0.0,0.06,0.1,0.0,0.0,0.0,0.0,0.0,0.0,0.0
8448535,2008,Olie Kolzig,T.B,G,other,8,741.0,2.12,3.0,29.0,1.29,1.0,3.46,2.0,16.0,18.0,0.15,0.0,10.97,13.0,4.6,5.0,1.58,20.0,2.0,2.0,0.46,0.2,1.45,2.0,0.0,1.0,5.0,0.0,0.0
8448535,2008,Olie Kolzig,T.B,G,all,8,24603.0,18.7,25.0,413.0,15.13,14.0,49.85,35.0,218.9,245.0,5.65,7.0,126.52,117.0,94.16,116.0,17.55,238.0,59.0,16.0,6.47,6.66,5.57,6.0,12.0,7.0,100.0,0.0,0.0
8448535,2008,Olie Kolzig,T.B,G,5on5,8,17939.0,11.28,16.0,280.0,9.53,11.0,36.02,23.0,149.9,169.0,4.03,5.0,84.28,76.0,65.06,81.0,10.96,164.0,39.0,8.0,4.71,4.52,2.05,4.0,8.0,4.0,69.0,0.0,0.0
8448535,2008,Olie Kolzig,T.B,G,4on5,8,2676.0,4.89,6.0,87.0,4.02,2.0,9.23,7.0,43.69,46.0,0.09,0.0,28.5,27.0,15.37,20.0,4.6,40.0,18.0,6.0,0.89,1.94,2.06,0.0,4.0,2.0,23.0,0.0,0.0
8448535,2008,Olie Kolzig,T.B,G,5on4,8,3247.0,0.41,0.0,17.0,0.29,0.0,1.15,3.0,9.3,12.0,1.38,2.0,2.76,1.0,9.13,10.0,0.41,14.0,0.0,0.0,0.41,0.0,0.0,0.0,0.0,0.0,3.0,0.0,0.0
8468550,2008,Mikael Tellqvist,BUF,G,other,21,1465.0,2.52,6.0,46.0,1.5,2.0,3.22,5.0,16.9,23.0,0.38,0.0,11.18,12.0,5.5,6.0,2.35,20.0,9.0,2.0,0.97,1.04,0.51,2.0,4.0,0.0,15.0,0.0,0.0
8468550,2008,Mikael Tellqvist,BUF,G,all,21,60449.0,45.21,47.0,957.0,33.09,25.0,108.38,121.0,485.7,533.0,15.25,15.0,278.31,257.0,212.35,277.0,43.96,583.0,120.0,32.0,17.7,14.48,13.03,13.0,19.0,15.0,222.0,0.0,0.0
8468550,2008,Mikael Tellqvist,BUF,G,5on5,21,46183.0,28.28,27.0,704.0,22.71,17.0,84.39,96.0,359.16,405.0,11.43,12.0,203.77,181.0,159.34,212.0,27.74,440.0,86.0,15.0,13.71,10.43,4.15,8.0,13.0,6.0,163.0,0.0,0.0
8468550,2008,Mikael Tellqvist,BUF,G,4on5,21,6180.0,12.48,13.0,173.0,7.88,4.0,18.37,18.0,91.09,87.0,0.29,0.0,57.67,53.0,32.77,45.0,11.99,100.0,19.0,14.0,2.29,2.22,7.97,3.0,2.0,8.0,40.0,0.0,0.0
8468550,2008,Mikael Tellqvist,BUF,G,5on4,21,6621.0,1.92,1.0,34.0,1.0,2.0,2.4,2.0,18.54,18.0,3.16,3.0,5.69,11.0,14.75,14.0,1.89,23.0,6.0,1.0,0.72,0.79,0.41,0.0,0.0,1.0,4.0,0.0,0.0
8470772,2008,Chris Holt,STL,G,other,1,6.0,0.0,0.0,0.0,0.0,0.0,0.0,0.0,0.0,0.0,0.0,0.0,0.0,0.0,0.0,0.0,0.0,0.0,0.0,0.0,0.0,0.0,0.0,0.0,0.0,0.0,0.0,0.0,0.0
8470772,2008,Chris Holt,STL,G,all,1,1113.0,0.16,0.0,8.0,0.18,0.0,0.58,1.0,2.94,3.0,0.38,1.0,1.54,0.0,1.46,3.0,0.16,4.0,0.0,0.0,0.16,0.0,0.0,0.0,0.0,0.0,4.0,0.0,0.0
8470772,2008,Chris Holt,STL,G,5on5,1,739.0,0.12,0.0,2.0,0.11,0.0,0.25,0.0,1.39,1.0,0.13,0.0,0.89,0.0,0.59,2.0,0.12,2.0,0.0,0.0,0.12,0.0,0.0,0.0,0.0,0.0,0.0,0.0,0.0
8470772,2008,Chris Holt,STL,G,4on5,1,130.0,0.01,0.0,4.0,0.04,0.0,0.21,1.0,0.76,1.0,0.09,1.0,0.39,0.0,0.32,0.0,0.01,1.0,0.0,0.0,0.01,0.0,0.0,0.0,0.0,0.0,3.0,0.0,0.0
8470772,2008,Chris Holt,STL,G,5on4,1,238.0,0.03,0.0,2.0,0.03,0.0,0.12,0.0,0.8,1.0,0.16,0.0,0.26,0.0,0.55,1.0,0.03,1.0,0.0,0.0,0.03,0.0,0.0,0.0,0.0,0.0,1.0,0.0,0.0
8468481,2008,Rick DiPietro,NYI,G,other,5,254.0,0.05,1.0,4.0,0.07,0.0,0.36,1.0,1.66,2.0,0.78,3.0,0.8,0.0,1.67,1.0,0.05,3.0,0.0,0.0,0.05,0.0,0.0,1.0,0.0,0.0,1.0,0.0,0.0
8468481,2008,Rick DiPietro,NYI,G,all,5,15359.0,11.39,15.0,258.0,10.09,13.0,31.98,27.0,137.88,139.0,4.77,5.0,81.31,74.0,56.88,58.0,10.93,152.0,31.0,13.0,3.51,3.65,4.23,4.0,4.0,7.0,62.0,2.0,1.0
8468481,2008,Rick DiPietro,NYI,G,5on5,5,12021.0,7.86,11.0,200.0,6.92,9.0,24.88,23.0,103.37,104.0,3.44,1.0,59.32,48.0,43.81,46.0,7.68,114.0,22.0,10.0,2.58,2.65,2.64,2.0,4.0,5.0,54.0,2.0,1.0
8468481,2008,Rick DiPietro,NYI,G,4on5,5,2000.0,3.41,3.0,50.0,3.05,4.0,6.52,3.0,31.36,31.0,0.07,0.0,20.67,26.0,10.31,9.0,3.13,33.0,9.0,3.0,0.8,1.01,1.6,1.0,0.0,2.0,5.0,0.0,0.0
8468481,2008,Rick DiPietro,NYI,G,5on4,5,1084.0,0.08,0.0,4.0,0.06,0.0,0.22,0.0,1.5,2.0,0.49,1.0,0.52,0.0,1.08,2.0,0.08,2.0,0.0,0.0,0.08,0.0,0.0,0.0,0.0,0.0,2.0,0.0,0.0
8448382,2008,Curtis Joseph,TOR,G,other,20,1644.0,1.34,1.0,37.0,1.02,0.0,3.2,4.0,16.05,19.0,0.51,0.0,9.02,7.0,8.01,11.0,1.3,18.0,6.0,0.0,0.63,0.71,0.0,0.0,1.0,0.0,13.0,0.0,0.0
8448382,2008,Curtis Joseph,TOR,G,all,20,50142.0,41.08,50.0,748.0,27.95,21.0,88.69,59.0,412.98,383.0,15.04,14.0,226.95,191.0,174.11,241.0,39.57,408.0,127.0,38.0,12.01,15.25,13.81,15.0,18.0,17.0,175.0,0.0,0.0
8448382,2008,Curtis Joseph,TOR,G,5on5,20,38746.0,27.2,33.0,578.0,21.15,15.0,71.64,50.0,323.65,300.0,11.13,8.0,177.88,149.0,140.13,194.0,26.43,329.0,99.0,20.0,9.77,11.76,5.66,13.0,14.0,6.0,130.0,0.0,0.0
8448382,2008,Curtis Joseph,TOR,G,4on5,20,4432.0,12.09,16.0,122.0,5.54,6.0,13.1,4.0,66.76,56.0,0.27,0.0,38.27,34.0,19.38,28.0,11.38,53.0,20.0,18.0,1.42,2.51,8.15,2.0,3.0,11.0,31.0,0.0,0.0
8448382,2008,Curtis Joseph,TOR,G,5on4,20,5320.0,0.46,0.0,11.0,0.24,0.0,0.75,1.0,6.52,8.0,3.13,6.0,1.78,1.0,6.58,8.0,0.46,8.0,2.0,0.0,0.18,0.28,0.0,0.0,0.0,0.0,1.0,0.0,0.0
8462147,2008,Miikka Kiprusoff,CGY,G,other,76,9487.0,17.64,16.0,220.0,8.43,4.0,22.54,24.0,114.96,116.0,3.06,5.0,67.81,65.0,41.87,53.0,16.51,106.0,47.0,20.0,3.94,5.69,8.01,5.0,8.0,3.0,47.0,0.0,0.0
8462147,2008,Miikka Kiprusoff,CGY,G,all,76,265079.0,189.46,209.0,3697.0,145.14,146.0,478.79,499.0,2118.21,2155.0,74.32,68.0,1195.19,920.0,897.98,1157.0,180.78,2260.0,561.0,170.0,63.63,66.79,59.04,73.0,77.0,59.0,706.0,2.0,1.0
8462147,2008,Miikka Kiprusoff,CGY,G,5on5,76,198015.0,114.17,138.0,2601.0,95.41,99.0,357.49,360.0,1502.62,1521.0,55.7,50.0,836.44,614.0,653.89,859.0,110.35,1658.0,370.0,81.0,46.77,44.1,23.31,60.0,49.0,29.0,492.0,2.0,1.0
8462147,2008,Miikka Kiprusoff,CGY,G,4on5,76,27613.0,49.3,42.0,749.0,37.25,37.0,87.93,102.0,418.98,428.0,1.81,2.0,264.69,224.0,141.99,182.0,45.65,422.0,115.0,59.0,10.73,13.58,24.98,4.0,14.0,24.0,153.0,0.0,0.0
8462147,2008,Miikka Kiprusoff,CGY,G,5on4,76,29964.0,7.91,12.0,118.0,3.75,6.0,9.75,12.0,76.77,83.0,13.65,11.0,23.72,16.0,57.65,58.0,7.83,68.0,27.0,10.0,1.94,3.23,2.74,3.0,6.0,3.0,13.0,0.0,0.0
8468166,2008,Curtis Sanford,VAN,G,other,19,2386.0,7.72,8.0,74.0,2.9,4.0,6.84,7.0,37.58,32.0,1.23,1.0,23.21,17.0,10.94,16.0,6.74,29.0,13.0,11.0,0.89,1.49,5.34,1.0,1.0,6.0,21.0,0.0,0.0
8468166,2008,Curtis Sanford,VAN,G,all,19,58355.0,40.92,42.0,846.0,30.92,27.0,99.47,81.0,454.85,448.0,14.93,15.0,260.84,209.0,193.39,270.0,39.23,499.0,105.0,38.0,14.66,12.5,13.76,17.0,12.0,13.0,204.0,2.0,1.0
8468166,2008,Curtis Sanford,VAN,G,5on5,19,43310.0,24.76,26.0,604.0,20.81,17.0,76.29,62.0,329.4,332.0,10.22,9.0,185.7,149.0,144.22,201.0,24.18,378.0,65.0,21.0,11.55,7.73,5.48,14.0,10.0,2.0,140.0,0.0,0.0
8468166,2008,Curtis Sanford,VAN,G,4on5,19,6019.0,7.11,7.0,136.0,6.37,5.0,13.85,10.0,70.06,69.0,0.33,1.0,46.2,37.0,24.11,38.0,6.98,74.0,20.0,6.0,1.72,2.46,2.94,2.0,0.0,5.0,36.0,0.0,0.0
8468166,2008,Curtis Sanford,VAN,G,5on4,19,6640.0,1.33,1.0,32.0,0.84,1.0,2.49,2.0,17.81,15.0,3.15,4.0,5.73,6.0,14.11,15.0,1.32,18.0,7.0,0.0,0.5,0.83,0.0,0.0,1.0,0.0,7.0,2.0,1.0
8474488,2008,Matt Climie,DAL,G,other,3,40.0,0.02,0.0,2.0,0.04,0.0,0.18,0.0,0.7,1.0,0.0,0.0,0.37,0.0,0.37,1.0,0.02,1.0,0.0,0.0,0.02,0.0,0.0,0.0,0.0,0.0,1.0,0.0,0.0
8474488,2008,Matt Climie,DAL,G,all,3,11056.0,8.65,9.0,160.0,6.43,7.0,19.61,10.0,91.09,85.0,2.72,2.0,53.25,43.0,36.09,57.0,7.92,97.0,23.0,7.0,3.01,2.92,2.72,3.0,4.0,2.0,33.0,0.0,0.0
8474488,2008,Matt Climie,DAL,G,5on5,3,8931.0,5.32,5.0,116.0,4.32,6.0,15.09,8.0,65.9,67.0,2.23,1.0,37.37,26.0,27.71,47.0,5.21,73.0,16.0,3.0,2.44,2.11,0.77,3.0,1.0,1.0,24.0,0.0,0.0
8474488,2008,Matt Climie,DAL,G,4on5,3,1414.0,2.99,4.0,38.0,1.94,1.0,3.77,2.0,21.53,14.0,0.12,0.0,14.21,16.0,6.41,6.0,2.36,20.0,7.0,3.0,0.48,0.81,1.7,0.0,3.0,1.0,8.0,0.0,0.0
8474488,2008,Matt Climie,DAL,G,5on4,3,671.0,0.25,0.0,1.0,0.04,0.0,0.07,0.0,0.83,1.0,0.23,1.0,0.2,0.0,0.41,1.0,0.25,0.0,0.0,1.0,0.0,0.0,0.25,0.0,0.0,0.0,0.0,0.0,0.0
8473461,2008,Steve Mason,CBJ,G,other,61,8453.0,12.5,11.0,228.0,8.54,9.0,24.94,16.0,120.75,137.0,2.33,1.0,68.88,72.0,49.48,61.0,11.59,128.0,35.0,12.0,3.95,4.2,4.35,4.0,3.0,4.0,53.0,0.0,0.0
8473461,2008,Steve Mason,CBJ,G,all,61,219711.0,134.99,140.0,3023.0,106.17,93.0,354.45,279.0,1580.03,1658.0,50.86,76.0,901.49,834.0,672.15,864.0,130.99,1782.0,391.0,105.0,51.47,46.88,36.64,50.0,50.0,40.0,745.0,2.0,1.0
8473461,2008,Steve Mason,CBJ,G,5on5,61,167415.0,82.25,86.0,2109.0,70.08,64.0,261.47,213.0,1115.85,1162.0,38.22,59.0,628.9,560.0,486.15,633.0,80.31,1283.0,264.0,51.0,38.07,31.15,13.04,40.0,34.0,12.0,511.0,2.0,1.0
8473461,2008,Steve Mason,CBJ,G,4on5,61,22710.0,36.32,37.0,606.0,25.43,19.0,61.77,48.0,298.6,311.0,1.22,2.0,189.75,184.0,100.94,136.0,35.25,327.0,74.0,40.0,8.3,9.26,18.76,3.0,10.0,24.0,165.0,0.0,0.0
8473461,2008,Steve Mason,CBJ,G,5on4,61,21133.0,3.65,5.0,73.0,1.98,1.0,5.52,2.0,41.79,44.0,8.92,14.0,12.57,18.0,34.1,31.0,3.58,40.0,17.0,2.0,1.02,2.13,0.51,2.0,3.0,0.0,14.0,0.0,0.0
8462047,2008,Martin Biron,PHI,G,other,55,8309.0,12.59,9.0,186.0,7.15,6.0,20.94,26.0,100.45,103.0,2.37,1.0,57.11,57.0,40.02,42.0,11.59,98.0,35.0,13.0,3.63,3.96,5.0,4.0,1.0,4.0,40.0,0.0,0.0
8462047,2008,Martin Biron,PHI,G,all,55,189391.0,143.13,146.0,3178.0,113.94,116.0,395.38,421.0,1694.58,1718.0,48.6,41.0,949.06,772.0,715.07,872.0,137.08,1876.0,364.0,139.0,51.95,44.03,47.15,55.0,43.0,48.0,799.0,0.0,0.0
8462047,2008,Martin Biron,PHI,G,5on5,55,143716.0,94.8,108.0,2376.0,78.3,84.0,304.61,321.0,1255.31,1293.0,36.42,33.0,690.76,551.0,542.36,655.0,92.1,1411.0,258.0,84.0,40.51,31.21,23.08,47.0,34.0,27.0,623.0,0.0,0.0
8462047,2008,Martin Biron,PHI,G,4on5,55,20966.0,33.07,27.0,546.0,26.86,25.0,64.54,69.0,302.2,288.0,1.72,0.0,189.42,157.0,102.03,139.0,30.81,323.0,63.0,40.0,6.54,7.96,18.57,3.0,7.0,17.0,120.0,0.0,0.0
8462047,2008,Martin Biron,PHI,G,5on4,55,16400.0,2.39,1.0,60.0,1.47,1.0,4.62,5.0,33.7,30.0,7.98,7.0,10.4,6.0,29.13,34.0,2.3,40.0,7.0,2.0,1.1,0.79,0.5,0.0,1.0,0.0,11.0,0.0,0.0
8470266,2008,Tobias Stephan,DAL,G,other,10,2569.0,1.6,3.0,19.0,0.61,0.0,2.02,5.0,9.84,11.0,0.17,0.0,5.68,3.0,3.81,4.0,1.6,11.0,1.0,3.0,0.33,0.13,1.14,2.0,1.0,0.0,4.0,0.0,0.0
8470266,2008,Tobias Stephan,DAL,G,all,10,26272.0,18.55,27.0,338.0,13.33,8.0,41.17,45.0,190.37,208.0,5.54,6.0,106.58,62.0,80.54,120.0,18.19,195.0,61.0,12.0,6.7,7.37,4.48,11.0,12.0,4.0,70.0,0.0,0.0
8470266,2008,Tobias Stephan,DAL,G,5on5,10,17855.0,12.32,17.0,250.0,9.66,7.0,32.71,36.0,145.61,159.0,3.97,5.0,80.15,43.0,61.72,93.0,12.05,150.0,46.0,6.0,5.12,5.47,1.74,6.0,9.0,2.0,48.0,0.0,0.0
8470266,2008,Tobias Stephan,DAL,G,4on5,10,2560.0,4.09,7.0,60.0,2.76,1.0,5.62,4.0,28.65,29.0,0.14,0.0,18.79,15.0,9.79,15.0,4.0,28.0,11.0,3.0,1.08,1.41,1.6,3.0,2.0,2.0,18.0,0.0,0.0
8470266,2008,Tobias Stephan,DAL,G,5on4,10,3288.0,0.54,0.0,9.0,0.29,0.0,0.81,0.0,6.27,9.0,1.26,1.0,1.96,1.0,5.22,8.0,0.54,6.0,3.0,0.0,0.18,0.36,0.0,0.0,0.0,0.0,0.0,0.0,0.0
8458988,2008,Manny Fernandez,BOS,G,other,28,2617.0,5.77,2.0,72.0,2.69,4.0,7.66,10.0,38.62,39.0,0.83,3.0,20.23,19.0,13.53,19.0,5.23,34.0,14.0,6.0,1.28,1.94,2.54,1.0,0.0,1.0,18.0,0.0,0.0
8458988,2008,Manny Fernandez,BOS,G,all,28,98644.0,73.72,71.0,1355.0,50.09,51.0,169.49,189.0,765.79,791.0,26.15,27.0,411.06,295.0,324.82,437.0,71.54,779.0,209.0,72.0,23.15,25.07,25.5,23.0,23.0,25.0,295.0,2.0,1.0
8458988,2008,Manny Fernandez,BOS,G,5on5,28,77411.0,46.9,45.0,1017.0,35.42,34.0,133.21,148.0,575.96,607.0,19.78,18.0,308.98,215.0,252.69,342.0,45.71,610.0,152.0,37.0,18.23,18.02,10.65,18.0,15.0,12.0,218.0,0.0,0.0
8458988,2008,Manny Fernandez,BOS,G,4on5,28,9086.0,19.0,21.0,232.0,10.97,12.0,25.64,26.0,128.91,125.0,0.54,1.0,75.05,59.0,42.05,57.0,18.55,114.0,36.0,27.0,2.89,4.31,11.8,2.0,7.0,12.0,55.0,2.0,1.0
8458988,2008,Manny Fernandez,BOS,G,5on4,28,9530.0,2.06,3.0,34.0,1.01,1.0,2.98,5.0,22.3,20.0,5.0,5.0,6.8,2.0,16.54,19.0,2.03,21.0,7.0,2.0,0.74,0.81,0.5,2.0,1.0,0.0,4.0,0.0,0.0
8471695,2008,Tuukka Rask,BOS,G,other,1,109.0,0.13,0.0,2.0,0.05,0.0,0.16,0.0,0.73,2.0,0.02,0.0,0.35,1.0,0.35,1.0,0.13,2.0,0.0,0.0,0.13,0.0,0.0,0.0,0.0,0.0,0.0,0.0,0.0
8471695,2008,Tuukka Rask,BOS,G,all,1,3598.0,1.76,0.0,55.0,1.63,2.0,7.39,10.0,29.83,35.0,0.99,2.0,16.16,13.0,15.16,18.0,1.72,39.0,3.0,2.0,0.93,0.34,0.49,0.0,0.0,0.0,11.0,0.0,0.0
8471695,2008,Tuukka Rask,BOS,G,5on5,1,3249.0,1.61,0.0,50.0,1.41,2.0,6.61,9.0,27.02,31.0,0.93,2.0,14.4,10.0,14.1,17.0,1.56,34.0,3.0,2.0,0.78,0.34,0.49,0.0,0.0,0.0,11.0,0.0,0.0
8471695,2008,Tuukka Rask,BOS,G,4on5,1,60.0,0.02,0.0,3.0,0.17,0.0,0.63,1.0,2.08,2.0,0.0,0.0,1.41,2.0,0.71,0.0,0.02,3.0,0.0,0.0,0.02,0.0,0.0,0.0,0.0,0.0,0.0,0.0,0.0
8471695,2008,Tuukka Rask,BOS,G,5on4,1,180.0,0.0,0.0,0.0,0.0,0.0,0.0,0.0,0.0,0.0,0.04,0.0,0.0,0.0,0.0,0.0,0.0,0.0,0.0,0.0,0.0,0.0,0.0,0.0,0.0,0.0,0.0,0.0,0.0
8471186,2008,Yann Danis,NYI,G,other,31,3097.0,10.58,7.0,92.0,3.77,2.0,8.92,12.0,49.96,48.0,0.6,1.0,29.25,33.0,16.03,21.0,9.57,40.0,20.0,15.0,1.65,2.55,6.38,2.0,2.0,3.0,17.0,0.0,0.0
8471186,2008,Yann Danis,NYI,G,all,31,105607.0,87.6,84.0,1791.0,64.15,59.0,203.81,218.0,919.32,933.0,27.32,18.0,512.47,421.0,394.23,486.0,84.64,987.0,221.0,91.0,28.0,27.1,32.5,28.0,27.0,29.0,492.0,0.0,0.0
8471186,2008,Yann Danis,NYI,G,5on5,31,81595.0,55.21,51.0,1347.0,44.5,49.0,159.21,160.0,681.37,681.0,21.1,15.0,373.86,293.0,299.31,377.0,53.88,743.0,166.0,47.0,22.38,20.34,12.5,23.0,22.0,6.0,391.0,0.0,0.0
8471186,2008,Yann Danis,NYI,G,4on5,31,10801.0,19.84,25.0,305.0,14.34,7.0,31.78,41.0,158.72,173.0,0.87,0.0,98.72,86.0,54.77,62.0,19.24,169.0,29.0,27.0,3.42,3.36,13.06,3.0,3.0,19.0,80.0,0.0,0.0
8471186,2008,Yann Danis,NYI,G,5on4,31,10114.0,1.76,1.0,37.0,1.0,1.0,2.81,5.0,23.5,28.0,4.69,1.0,6.96,4.0,21.79,23.0,1.76,28.0,5.0,2.0,0.46,0.73,0.57,0.0,0.0,1.0,2.0,0.0,0.0
8470594,2008,Marc-Andre Fleury,PIT,G,other,62,8893.0,16.49,15.0,232.0,8.72,10.0,25.57,27.0,124.33,127.0,3.74,3.0,65.54,50.0,47.93,65.0,15.17,114.0,38.0,22.0,3.85,4.8,7.83,7.0,2.0,6.0,58.0,0.0,0.0
8470594,2008,Marc-Andre Fleury,PIT,G,all,62,218191.0,154.13,162.0,3471.0,122.25,118.0,411.05,356.0,1823.07,1850.0,53.43,64.0,1019.68,855.0,770.33,973.0,148.04,1983.0,432.0,132.0,55.16,51.49,47.47,55.0,56.0,51.0,924.0,8.0,4.0
8470594,2008,Marc-Andre Fleury,PIT,G,5on5,62,162104.0,94.67,100.0,2493.0,81.79,74.0,308.83,271.0,1306.45,1327.0,38.58,47.0,729.03,614.0,564.16,706.0,92.32,1469.0,293.0,63.0,42.86,34.59,17.22,44.0,33.0,23.0,668.0,8.0,4.0
8470594,2008,Marc-Andre Fleury,PIT,G,4on5,62,23961.0,36.87,38.0,630.0,28.81,33.0,68.35,50.0,330.03,328.0,1.63,3.0,205.42,169.0,110.96,157.0,34.52,341.0,77.0,43.0,6.7,8.95,21.22,4.0,13.0,21.0,169.0,0.0,0.0
8470594,2008,Marc-Andre Fleury,PIT,G,5on4,62,23233.0,6.0,9.0,112.0,2.82,1.0,7.81,7.0,60.12,66.0,9.43,11.0,18.6,21.0,46.12,44.0,5.94,56.0,24.0,4.0,1.65,3.15,1.2,0.0,8.0,1.0,28.0,0.0,0.0
8473474,2008,Riku Helenius,T.B,G,other,1,0.0,0.0,0.0,0.0,0.0,0.0,0.0,0.0,0.0,0.0,0.0,0.0,0.0,0.0,0.0,0.0,0.0,0.0,0.0,0.0,0.0,0.0,0.0,0.0,0.0,0.0,0.0,0.0,0.0
8473474,2008,Riku Helenius,T.B,G,all,1,412.0,0.09,0.0,3.0,0.13,0.0,0.56,1.0,2.07,2.0,0.17,0.0,1.3,2.0,0.86,0.0,0.09,3.0,0.0,0.0,0.09,0.0,0.0,0.0,0.0,0.0,0.0,0.0,0.0
8473474,2008,Riku Helenius,T.B,G,5on5,1,292.0,0.09,0.0,3.0,0.13,0.0,0.56,1.0,2.07,2.0,0.08,0.0,1.3,2.0,0.86,0.0,0.09,3.0,0.0,0.0,0.09,0.0,0.0,0.0,0.0,0.0,0.0,0.0,0.0
8473474,2008,Riku Helenius,T.B,G,4on5,1,0.0,0.0,0.0,0.0,0.0,0.0,0.0,0.0,0.0,0.0,0.0,0.0,0.0,0.0,0.0,0.0,0.0,0.0,0.0,0.0,0.0,0.0,0.0,0.0,0.0,0.0,0.0,0.0,0.0
8473474,2008,Riku Helenius,T.B,G,5on4,1,120.0,0.0,0.0,0.0,0.0,0.0,0.0,0.0,0.0,0.0,0.09,0.0,0.0,0.0,0.0,0.0,0.0,0.0,0.0,0.0,0.0,0.0,0.0,0.0,0.0,0.0,0.0,0.0,0.0
8469732,2008,Joey MacDonald,NYI,G,other,49,6676.0,13.4,17.0,170.0,6.98,9.0,17.55,19.0,90.35,111.0,2.25,3.0,51.5,45.0,34.75,41.0,11.76,78.0,37.0,17.0,2.82,4.52,6.06,6.0,2.0,9.0,38.0,2.0,1.0
8469732,2008,Joey MacDonald,NYI,G,all,49,166064.0,133.28,157.0,2986.0,108.59,104.0,346.31,396.0,1539.82,1584.0,41.21,48.0,880.21,712.0,669.49,790.0,127.69,1695.0,385.0,115.0,49.17,46.37,37.74,66.0,49.0,42.0,791.0,6.0,3.0
8469732,2008,Joey MacDonald,NYI,G,5on5,49,124380.0,87.16,106.0,2238.0,75.62,66.0,268.79,306.0,1146.68,1161.0,29.68,32.0,652.25,521.0,510.83,608.0,85.01,1302.0,268.0,63.0,37.49,32.19,17.48,50.0,39.0,17.0,605.0,2.0,1.0
8469732,2008,Joey MacDonald,NYI,G,4on5,49,18206.0,29.21,31.0,507.0,24.18,27.0,54.64,60.0,263.54,270.0,1.41,2.0,164.29,140.0,91.82,107.0,27.42,270.0,74.0,30.0,7.44,8.89,12.88,8.0,8.0,15.0,133.0,0.0,0.0
8469732,2008,Joey MacDonald,NYI,G,5on4,49,16802.0,3.43,3.0,67.0,1.7,2.0,4.84,9.0,37.12,39.0,7.8,11.0,11.17,6.0,30.84,33.0,3.41,42.0,6.0,5.0,1.33,0.77,1.32,2.0,0.0,1.0,14.0,2.0,1.0
8473975,2008,Erik Ersberg,L.A,G,other,28,3401.0,7.86,9.0,110.0,3.55,1.0,10.98,12.0,55.74,53.0,1.16,1.0,30.48,36.0,23.59,25.0,7.35,62.0,15.0,8.0,2.38,1.97,3.52,3.0,2.0,4.0,25.0,0.0,0.0
8473975,2008,Erik Ersberg,L.A,G,all,28,88620.0,61.24,65.0,1276.0,43.79,43.0,142.59,152.0,647.12,651.0,24.12,24.0,365.89,342.0,278.4,337.0,58.8,767.0,140.0,56.0,24.0,17.42,19.82,26.0,21.0,18.0,313.0,2.0,1.0
8473975,2008,Erik Ersberg,L.A,G,5on5,28,65463.0,37.45,42.0,891.0,29.88,29.0,108.14,118.0,465.12,472.0,17.13,17.0,263.45,236.0,200.71,248.0,36.53,559.0,96.0,30.0,18.02,11.63,7.8,21.0,15.0,6.0,206.0,0.0,0.0
8473975,2008,Erik Ersberg,L.A,G,4on5,28,9401.0,13.97,13.0,239.0,9.43,11.0,20.42,20.0,104.2,105.0,0.45,1.0,65.38,62.0,36.29,47.0,13.01,121.0,25.0,16.0,2.87,3.15,7.96,2.0,3.0,8.0,77.0,0.0,0.0
8473975,2008,Erik Ersberg,L.A,G,5on4,28,10355.0,1.96,1.0,36.0,0.93,2.0,3.06,2.0,22.06,21.0,5.38,5.0,6.58,8.0,17.81,17.0,1.92,25.0,4.0,2.0,0.74,0.68,0.54,0.0,1.0,0.0,5.0,2.0,1.0
8466339,2008,Scott Clemmensen,N.J,G,other,40,3905.0,7.4,7.0,117.0,4.45,6.0,12.77,15.0,62.28,70.0,1.48,0.0,33.92,28.0,24.61,31.0,6.73,58.0,23.0,7.0,1.86,2.88,2.66,1.0,3.0,3.0,29.0,0.0,0.0
8466339,2008,Scott Clemmensen,N.J,G,all,40,141319.0,90.75,94.0,2004.0,72.75,57.0,248.54,245.0,1098.66,1138.0,38.14,21.0,613.53,455.0,468.4,653.0,87.92,1218.0,234.0,84.0,34.16,27.92,28.66,30.0,31.0,33.0,468.0,2.0,1.0
8466339,2008,Scott Clemmensen,N.J,G,5on5,40,110975.0,59.43,60.0,1514.0,51.9,42.0,196.14,194.0,833.82,856.0,28.02,18.0,460.13,343.0,365.57,500.0,58.08,945.0,175.0,44.0,26.51,20.95,11.97,25.0,23.0,12.0,350.0,2.0,1.0
8466339,2008,Scott Clemmensen,N.J,G,4on5,40,14056.0,21.33,24.0,327.0,15.02,8.0,35.22,33.0,175.1,184.0,1.15,0.0,109.78,77.0,60.1,99.0,20.54,188.0,29.0,30.0,4.85,3.38,13.11,3.0,4.0,17.0,80.0,0.0,0.0
8466339,2008,Scott Clemmensen,N.J,G,5on4,40,12383.0,2.12,3.0,33.0,1.03,1.0,2.74,1.0,20.02,22.0,7.19,3.0,6.16,2.0,14.37,20.0,2.11,20.0,4.0,3.0,0.76,0.44,0.93,1.0,1.0,1.0,6.0,0.0,0.0
8467453,2008,Andrew Raycroft,COL,G,other,31,2546.0,6.77,10.0,87.0,3.61,6.0,10.1,2.0,47.88,47.0,0.84,0.0,26.13,20.0,17.95,28.0,6.32,49.0,9.0,10.0,1.62,1.02,4.13,2.0,1.0,7.0,19.0,0.0,0.0
8467453,2008,Andrew Raycroft,COL,G,all,31,103046.0,73.5,90.0,1620.0,55.54,70.0,186.87,193.0,822.47,836.0,24.95,16.0,457.78,352.0,361.11,469.0,71.25,956.0,183.0,59.0,30.4,22.21,20.89,33.0,29.0,28.0,422.0,2.0,1.0
8467453,2008,Andrew Raycroft,COL,G,5on5,31,80190.0,49.57,61.0,1254.0,40.69,53.0,149.24,160.0,635.15,647.0,18.63,13.0,351.33,270.0,283.81,363.0,48.12,753.0,137.0,33.0,24.08,16.53,8.97,28.0,23.0,10.0,331.0,2.0,1.0
8467453,2008,Andrew Raycroft,COL,G,4on5,31,9941.0,14.83,17.0,239.0,10.17,10.0,24.57,28.0,117.59,123.0,0.55,0.0,73.79,57.0,42.75,59.0,14.51,129.0,33.0,13.0,3.68,4.21,6.94,2.0,5.0,10.0,64.0,0.0,0.0
8467453,2008,Andrew Raycroft,COL,G,5on4,31,10369.0,2.34,2.0,40.0,1.08,1.0,2.96,3.0,21.85,19.0,4.93,3.0,6.52,5.0,16.6,19.0,2.3,25.0,4.0,3.0,1.02,0.46,0.86,1.0,0.0,1.0,8.0,0.0,0.0
8455710,2008,Martin Brodeur,N.J,G,other,31,4346.0,6.16,7.0,98.0,3.73,2.0,10.95,15.0,52.79,59.0,1.38,1.0,28.38,24.0,20.27,27.0,5.95,55.0,15.0,6.0,2.11,1.88,2.18,3.0,3.0,1.0,22.0,0.0,0.0
8455710,2008,Martin Brodeur,N.J,G,all,31,108815.0,70.14,73.0,1466.0,53.72,48.0,180.77,154.0,808.75,870.0,31.67,27.0,449.36,351.0,353.11,488.0,68.12,897.0,183.0,59.0,25.19,22.09,22.85,22.0,25.0,26.0,327.0,4.0,2.0
8455710,2008,Martin Brodeur,N.J,G,5on5,31,82746.0,42.8,40.0,1062.0,35.44,39.0,136.19,104.0,580.48,621.0,23.36,19.0,320.24,249.0,261.44,368.0,41.96,659.0,130.0,27.0,18.73,15.39,8.67,16.0,14.0,10.0,246.0,4.0,2.0
8455710,2008,Martin Brodeur,N.J,G,4on5,31,10653.0,19.75,26.0,265.0,13.79,7.0,30.88,32.0,155.99,170.0,0.76,0.0,95.05,72.0,53.59,74.0,18.79,161.0,31.0,26.0,3.74,4.01,12.0,3.0,8.0,15.0,47.0,0.0,0.0
8455710,2008,Martin Brodeur,N.J,G,5on4,31,11070.0,1.34,0.0,40.0,0.72,0.0,2.62,3.0,18.75,19.0,6.02,6.0,5.36,6.0,17.41,18.0,1.34,21.0,7.0,0.0,0.54,0.81,0.0,0.0,0.0,0.0,12.0,0.0,0.0
8468685,2008,Henrik Lundqvist,NYR,G,other,70,12210.0,17.46,17.0,257.0,10.72,12.0,28.18,32.0,140.72,145.0,5.07,4.0,82.34,75.0,51.99,63.0,15.47,133.0,52.0,18.0,4.52,6.26,6.68,9.0,5.0,3.0,54.0,0.0,0.0
8468685,2008,Henrik Lundqvist,NYR,G,all,70,252766.0,176.65,169.0,3618.0,134.46,121.0,446.75,402.0,2004.57,2035.0,73.73,62.0,1124.0,922.0,862.3,1142.0,167.76,2137.0,520.0,164.0,59.7,61.42,55.51,56.0,62.0,51.0,797.0,0.0,0.0
8468685,2008,Henrik Lundqvist,NYR,G,5on5,70,189563.0,115.43,116.0,2667.0,92.34,74.0,342.48,292.0,1468.43,1485.0,53.89,44.0,813.7,655.0,644.11,865.0,112.08,1585.0,383.0,90.0,45.74,44.86,24.84,42.0,47.0,27.0,609.0,0.0,0.0
8468685,2008,Henrik Lundqvist,NYR,G,4on5,70,24795.0,38.57,26.0,597.0,28.53,32.0,67.37,71.0,330.97,329.0,1.65,1.0,208.92,179.0,115.81,159.0,35.09,353.0,69.0,50.0,7.74,8.28,22.54,2.0,6.0,18.0,125.0,0.0,0.0
8468685,2008,Henrik Lundqvist,NYR,G,5on4,70,26198.0,5.05,10.0,91.0,2.73,3.0,7.92,6.0,60.91,71.0,12.91,13.0,17.22,13.0,48.36,51.0,4.99,61.0,16.0,6.0,1.57,2.03,1.45,3.0,4.0,3.0,8.0,0.0,0.0
8458568,2008,Chris Osgood,DET,G,other,46,5442.0,12.3,20.0,158.0,6.47,9.0,16.4,13.0,87.65,96.0,3.21,4.0,49.0,47.0,33.98,35.0,10.98,80.0,35.0,14.0,2.83,4.15,5.32,8.0,7.0,5.0,29.0,0.0,0.0
8458568,2008,Chris Osgood,DET,G,all,46,159763.0,117.96,137.0,2004.0,78.09,77.0,257.23,247.0,1170.13,1208.0,49.36,56.0,636.34,495.0,485.41,630.0,112.62,1186.0,318.0,119.0,36.97,38.61,42.38,43.0,43.0,51.0,381.0,8.0,3.0
8458568,2008,Chris Osgood,DET,G,5on5,46,123105.0,75.75,82.0,1455.0,54.02,52.0,197.0,194.0,860.01,874.0,35.34,39.0,462.33,363.0,369.01,472.0,73.23,897.0,223.0,68.0,28.22,26.98,20.55,31.0,25.0,26.0,267.0,8.0,3.0
8458568,2008,Chris Osgood,DET,G,4on5,46,16177.0,27.49,31.0,350.0,16.47,15.0,40.49,40.0,197.02,211.0,1.1,0.0,117.9,80.0,64.09,101.0,26.01,185.0,55.0,33.0,5.33,6.73,15.42,4.0,10.0,17.0,77.0,0.0,0.0
8458568,2008,Chris Osgood,DET,G,5on4,46,15039.0,2.41,4.0,41.0,1.13,1.0,3.35,0.0,25.46,27.0,9.71,13.0,7.11,5.0,18.33,22.0,2.4,24.0,5.0,4.0,0.58,0.75,1.08,0.0,1.0,3.0,8.0,0.0,0.0
8474550,2008,Antti Niemi,CHI,G,other,3,236.0,0.23,1.0,9.0,0.14,0.0,0.45,0.0,2.34,3.0,0.03,0.0,1.17,2.0,1.02,1.0,0.23,3.0,1.0,0.0,0.13,0.1,0.0,1.0,0.0,0.0,5.0,0.0,0.0
8474550,2008,Antti Niemi,CHI,G,all,3,8479.0,4.88,8.0,86.0,3.49,3.0,11.41,7.0,52.0,59.0,2.63,6.0,28.09,26.0,20.57,26.0,4.68,54.0,12.0,5.0,1.64,1.45,1.78,2.0,3.0,3.0,15.0,0.0,0.0
8474550,2008,Antti Niemi,CHI,G,5on5,3,5961.0,4.05,6.0,59.0,2.31,3.0,8.35,6.0,38.1,44.0,1.81,5.0,19.38,18.0,15.72,17.0,3.86,36.0,11.0,4.0,1.35,1.35,1.35,1.0,3.0,2.0,8.0,0.0,0.0
8474550,2008,Antti Niemi,CHI,G,4on5,3,968.0,0.59,1.0,18.0,1.04,0.0,2.62,1.0,11.56,12.0,0.04,0.0,7.55,6.0,3.83,8.0,0.59,15.0,0.0,1.0,0.16,0.0,0.43,0.0,0.0,1.0,2.0,0.0,0.0
8474550,2008,Antti Niemi,CHI,G,5on4,3,1314.0,0.0,0.0,0.0,0.0,0.0,0.0,0.0,0.0,0.0,0.75,1.0,0.0,0.0,0.0,0.0,0.0,0.0,0.0,0.0,0.0,0.0,0.0,0.0,0.0,0.0,0.0,0.0,0.0
8471239,2008,Cory Schneider,VAN,G,other,8,1765.0,1.03,1.0,18.0,0.48,0.0,1.67,1.0,7.97,9.0,0.22,0.0,4.06,3.0,3.48,6.0,1.02,5.0,5.0,1.0,0.17,0.58,0.28,0.0,1.0,0.0,7.0,0.0,0.0
8471239,2008,Cory Schneider,VAN,G,all,8,21324.0,15.53,20.0,313.0,11.65,7.0,37.66,38.0,170.8,162.0,5.42,6.0,95.92,59.0,71.84,114.0,15.32,169.0,56.0,13.0,5.34,6.56,3.62,7.0,7.0,6.0,75.0,0.0,0.0
8471239,2008,Cory Schneider,VAN,G,5on5,8,15894.0,11.79,15.0,244.0,8.88,6.0,30.59,34.0,134.8,130.0,4.14,5.0,75.03,51.0,56.57,81.0,11.65,136.0,41.0,10.0,4.15,4.88,2.76,7.0,3.0,5.0,57.0,0.0,0.0
8471239,2008,Cory Schneider,VAN,G,4on5,8,2290.0,2.48,4.0,43.0,2.15,1.0,4.68,2.0,23.61,21.0,0.21,1.0,15.52,5.0,8.36,22.0,2.42,23.0,9.0,2.0,0.88,1.01,0.59,0.0,3.0,1.0,9.0,0.0,0.0
8471239,2008,Cory Schneider,VAN,G,5on4,8,1375.0,0.23,0.0,8.0,0.14,0.0,0.73,1.0,4.42,2.0,0.85,0.0,1.32,0.0,3.43,5.0,0.23,5.0,1.0,0.0,0.14,0.1,0.0,0.0,0.0,0.0,2.0,0.0,0.0
8465161,2008,Steve Valiquette,NYR,G,other,15,2071.0,4.2,3.0,61.0,2.75,6.0,7.73,3.0,37.17,38.0,0.76,1.0,19.76,19.0,15.34,18.0,3.87,31.0,16.0,4.0,0.99,1.96,1.25,1.0,0.0,2.0,10.0,0.0,0.0
8465161,2008,Steve Valiquette,NYR,G,all,15,51803.0,39.6,41.0,798.0,31.25,31.0,100.68,88.0,445.66,450.0,13.93,11.0,248.0,227.0,186.83,218.0,37.89,454.0,138.0,29.0,13.92,17.52,8.16,16.0,16.0,9.0,177.0,2.0,1.0
8465161,2008,Steve Valiquette,NYR,G,5on5,15,39934.0,27.72,29.0,589.0,21.5,21.0,76.52,63.0,325.41,327.0,10.36,6.0,179.82,169.0,137.59,160.0,27.01,339.0,94.0,21.0,10.2,11.81,5.71,11.0,12.0,6.0,135.0,2.0,1.0
8465161,2008,Steve Valiquette,NYR,G,4on5,15,5553.0,6.46,7.0,122.0,5.99,4.0,13.87,18.0,66.97,69.0,0.53,1.0,42.24,36.0,24.35,28.0,5.8,69.0,23.0,3.0,2.35,3.11,1.0,2.0,4.0,1.0,27.0,0.0,0.0
8465161,2008,Steve Valiquette,NYR,G,5on4,15,4245.0,1.0,2.0,19.0,0.53,0.0,1.44,2.0,10.78,11.0,2.2,3.0,2.98,1.0,7.75,9.0,0.99,9.0,4.0,1.0,0.27,0.52,0.21,2.0,0.0,0.0,5.0,0.0,0.0
8471302,2008,Justin Pogge,TOR,G,other,7,518.0,1.77,2.0,16.0,0.73,0.0,2.0,2.0,10.76,13.0,0.07,0.0,4.35,3.0,5.8,8.0,1.73,6.0,5.0,4.0,0.12,0.76,0.9,0.0,1.0,1.0,1.0,0.0,0.0
8471302,2008,Justin Pogge,TOR,G,all,7,22302.0,14.75,27.0,312.0,10.9,4.0,35.28,26.0,165.5,173.0,6.17,10.0,92.51,72.0,77.46,102.0,14.56,176.0,46.0,14.0,4.65,5.58,4.52,14.0,8.0,5.0,76.0,0.0,0.0
8471302,2008,Justin Pogge,TOR,G,5on5,7,17807.0,9.33,20.0,239.0,8.18,2.0,29.4,22.0,130.98,131.0,4.83,8.0,73.93,57.0,60.14,80.0,9.23,145.0,35.0,5.0,4.0,4.05,1.27,12.0,7.0,1.0,54.0,0.0,0.0
8471302,2008,Justin Pogge,TOR,G,4on5,7,2124.0,3.61,5.0,55.0,1.94,2.0,3.67,2.0,22.32,27.0,0.14,0.0,13.75,12.0,10.33,13.0,3.56,23.0,6.0,5.0,0.49,0.77,2.35,2.0,0.0,3.0,21.0,0.0,0.0
8471302,2008,Justin Pogge,TOR,G,5on4,7,1853.0,0.04,0.0,2.0,0.04,0.0,0.22,0.0,1.44,2.0,1.13,2.0,0.48,0.0,1.18,1.0,0.04,2.0,0.0,0.0,0.04,0.0,0.0,0.0,0.0,0.0,0.0,0.0,0.0
8470093,2008,Mike McKenna,T.B,G,other,15,1394.0,3.72,7.0,42.0,2.08,0.0,4.5,7.0,24.24,29.0,0.57,1.0,14.24,13.0,7.78,8.0,3.35,13.0,20.0,2.0,0.53,2.61,0.59,2.0,4.0,1.0,7.0,0.0,0.0
8470093,2008,Mike McKenna,T.B,G,all,15,46551.0,34.46,46.0,698.0,27.18,18.0,84.96,84.0,384.08,406.0,11.67,12.0,215.97,150.0,164.26,234.0,33.26,400.0,119.0,23.0,12.6,14.67,7.19,15.0,19.0,12.0,156.0,0.0,0.0
8470093,2008,Mike McKenna,T.B,G,5on5,15,35729.0,21.21,23.0,489.0,17.44,14.0,62.9,61.0,270.69,272.0,8.38,9.0,151.97,100.0,119.02,177.0,20.94,300.0,69.0,12.0,9.6,8.36,3.25,9.0,10.0,4.0,108.0,0.0,0.0
8470093,2008,Mike McKenna,T.B,G,4on5,15,5211.0,8.2,13.0,141.0,7.0,4.0,15.58,14.0,74.16,86.0,0.3,1.0,45.29,33.0,25.25,36.0,7.65,70.0,26.0,8.0,1.93,3.23,3.04,2.0,5.0,6.0,37.0,0.0,0.0
8470093,2008,Mike McKenna,T.B,G,5on4,15,4217.0,1.32,3.0,26.0,0.66,0.0,1.98,2.0,15.0,19.0,2.41,1.0,4.49,4.0,12.21,13.0,1.32,17.0,4.0,1.0,0.54,0.47,0.31,2.0,0.0,1.0,4.0,0.0,0.0
8470090,2008,Fredrik Norrena,CBJ,G,other,8,879.0,2.11,3.0,31.0,1.0,1.0,3.45,2.0,16.1,18.0,0.37,0.0,9.05,9.0,6.93,7.0,1.94,17.0,4.0,3.0,0.62,0.43,1.05,2.0,1.0,0.0,7.0,0.0,0.0
8470090,2008,Fredrik Norrena,CBJ,G,all,8,19391.0,11.77,17.0,246.0,8.49,9.0,28.54,17.0,126.09,133.0,5.12,5.0,72.59,59.0,55.58,77.0,11.34,147.0,23.0,12.0,4.27,3.04,4.46,4.0,5.0,8.0,64.0,0.0,0.0
8470090,2008,Fredrik Norrena,CBJ,G,5on5,8,14492.0,5.83,8.0,169.0,5.28,5.0,19.93,14.0,83.29,92.0,3.81,4.0,48.91,39.0,38.32,54.0,5.65,104.0,13.0,4.0,2.99,1.75,1.09,2.0,2.0,4.0,48.0,0.0,0.0
8470090,2008,Fredrik Norrena,CBJ,G,4on5,8,1496.0,3.46,5.0,39.0,2.05,3.0,4.55,1.0,22.03,20.0,0.15,0.0,13.41,11.0,6.83,11.0,3.38,21.0,5.0,5.0,0.47,0.67,2.31,0.0,1.0,4.0,8.0,0.0,0.0
8470090,2008,Fredrik Norrena,CBJ,G,5on4,8,2524.0,0.37,1.0,7.0,0.17,0.0,0.61,0.0,4.67,3.0,0.78,1.0,1.22,0.0,3.5,5.0,0.37,5.0,1.0,0.0,0.18,0.19,0.0,0.0,1.0,0.0,1.0,0.0,0.0
8471734,2008,Jonathan Quick,L.A,G,other,44,5296.0,9.34,8.0,133.0,5.16,6.0,13.77,14.0,71.49,67.0,2.61,1.0,40.75,38.0,26.96,35.0,8.74,66.0,27.0,9.0,2.68,3.35,3.31,2.0,2.0,4.0,31.0,0.0,0.0
8471734,2008,Jonathan Quick,L.A,G,all,44,149094.0,110.7,103.0,2253.0,84.61,67.0,267.15,257.0,1204.12,1200.0,38.22,22.0,690.33,611.0,504.72,633.0,107.32,1266.0,348.0,89.0,37.93,41.79,30.98,27.0,42.0,34.0,550.0,0.0,0.0
8471734,2008,Jonathan Quick,L.A,G,5on5,44,111715.0,66.31,64.0,1606.0,54.89,37.0,197.14,193.0,847.0,866.0,27.84,18.0,474.5,414.0,369.12,454.0,64.99,921.0,231.0,39.0,27.44,28.02,10.86,23.0,30.0,11.0,415.0,0.0,0.0
8471734,2008,Jonathan Quick,L.A,G,4on5,44,17823.0,32.12,29.0,464.0,23.19,22.0,51.79,43.0,256.42,238.0,1.18,0.0,165.62,154.0,87.7,120.0,30.71,252.0,80.0,38.0,6.86,9.17,16.08,2.0,9.0,18.0,94.0,0.0,0.0
8471734,2008,Jonathan Quick,L.A,G,5on4,44,14260.0,2.71,2.0,45.0,1.24,2.0,3.77,6.0,26.25,26.0,6.39,3.0,8.08,4.0,19.43,22.0,2.67,24.0,9.0,3.0,0.84,1.14,0.73,0.0,1.0,1.0,9.0,0.0,0.0
8469152,2008,Ty Conklin,DET,G,other,39,4373.0,6.72,7.0,104.0,3.8,6.0,9.44,11.0,47.64,60.0,2.17,5.0,28.09,31.0,17.89,19.0,5.87,55.0,15.0,7.0,2.18,1.85,2.69,3.0,4.0,0.0,27.0,0.0,0.0
8469152,2008,Ty Conklin,DET,G,all,39,129732.0,84.93,91.0,1695.0,63.65,46.0,208.94,260.0,937.88,1001.0,40.21,51.0,522.77,404.0,391.48,504.0,81.7,1031.0,255.0,69.0,32.05,29.72,23.16,43.0,24.0,24.0,340.0,4.0,2.0
8469152,2008,Ty Conklin,DET,G,5on5,39,100163.0,58.54,58.0,1234.0,44.65,30.0,163.21,211.0,706.76,741.0,28.32,29.0,386.24,281.0,299.18,389.0,57.07,764.0,199.0,40.0,24.49,23.07,10.99,31.0,14.0,13.0,231.0,4.0,2.0
8469152,2008,Ty Conklin,DET,G,4on5,39,11824.0,18.62,26.0,319.0,14.41,10.0,33.22,35.0,160.57,174.0,0.64,2.0,101.96,87.0,53.37,72.0,17.71,180.0,39.0,22.0,4.55,4.58,9.49,9.0,6.0,11.0,78.0,0.0,0.0
8469152,2008,Ty Conklin,DET,G,5on4,39,13372.0,1.06,0.0,38.0,0.8,0.0,3.08,3.0,22.91,26.0,9.08,15.0,6.48,5.0,21.03,24.0,1.05,32.0,2.0,0.0,0.84,0.22,0.0,0.0,0.0,0.0,4.0,0.0,0.0
8470880,2008,Brian Elliott,OTT,G,other,31,3909.0,4.55,5.0,69.0,2.45,3.0,7.25,4.0,35.68,41.0,1.44,0.0,20.08,19.0,13.56,18.0,4.38,32.0,12.0,6.0,0.96,1.51,2.08,2.0,2.0,1.0,19.0,0.0,0.0
8470880,2008,Brian Elliott,OTT,G,all,31,100022.0,68.85,77.0,1438.0,51.02,56.0,172.35,173.0,762.76,786.0,24.44,20.0,428.6,328.0,321.04,413.0,65.33,821.0,183.0,64.0,24.18,21.67,23.01,29.0,27.0,21.0,370.0,0.0,0.0
8470880,2008,Brian Elliott,OTT,G,5on5,31,76059.0,43.93,47.0,1077.0,36.42,39.0,135.92,140.0,576.23,594.0,17.75,19.0,321.63,246.0,248.82,320.0,42.58,635.0,142.0,29.0,19.24,16.99,7.7,21.0,23.0,3.0,271.0,0.0,0.0
8470880,2008,Brian Elliott,OTT,G,4on5,31,10338.0,17.92,23.0,254.0,11.12,12.0,26.12,26.0,127.9,129.0,0.82,0.0,79.45,58.0,42.29,57.0,15.95,132.0,23.0,26.0,3.38,2.48,12.07,5.0,2.0,16.0,73.0,0.0,0.0
8470880,2008,Brian Elliott,OTT,G,5on4,31,9716.0,1.77,1.0,35.0,0.86,2.0,2.71,3.0,20.7,20.0,4.43,1.0,6.29,4.0,15.77,17.0,1.72,20.0,6.0,2.0,0.58,0.69,0.49,1.0,0.0,0.0,7.0,0.0,0.0
8466141,2008,Roberto Luongo,VAN,G,other,53,8173.0,11.98,12.0,220.0,9.36,3.0,24.3,43.0,122.22,137.0,2.55,1.0,75.58,61.0,46.94,54.0,11.59,133.0,35.0,10.0,4.33,4.2,3.45,7.0,2.0,3.0,42.0,0.0,0.0
8466141,2008,Roberto Luongo,VAN,G,all,53,188190.0,137.6,121.0,2738.0,102.28,91.0,327.97,394.0,1466.23,1519.0,46.96,44.0,833.5,683.0,620.55,772.0,133.58,1596.0,387.0,127.0,46.83,46.57,44.2,41.0,35.0,45.0,628.0,4.0,2.0
8466141,2008,Roberto Luongo,VAN,G,5on5,53,138574.0,83.04,66.0,1918.0,66.23,69.0,242.58,284.0,1022.23,1047.0,31.95,37.0,576.03,462.0,444.04,561.0,80.9,1156.0,256.0,65.0,34.89,30.32,17.82,26.0,22.0,18.0,441.0,2.0,1.0
8466141,2008,Roberto Luongo,VAN,G,4on5,53,19948.0,38.8,40.0,520.0,24.6,19.0,55.09,60.0,275.98,280.0,1.06,1.0,168.36,146.0,89.23,115.0,37.33,255.0,85.0,48.0,6.37,10.64,21.79,7.0,9.0,24.0,132.0,0.0,0.0
8466141,2008,Roberto Luongo,VAN,G,5on4,53,21495.0,3.78,3.0,80.0,2.1,0.0,5.98,7.0,45.8,55.0,11.41,5.0,13.51,14.0,40.34,42.0,3.76,52.0,11.0,4.0,1.23,1.41,1.15,1.0,2.0,0.0,13.0,2.0,1.0
8460612,2008,Marty Turco,DAL,G,other,74,7982.0,17.45,13.0,230.0,8.24,17.0,22.65,25.0,114.63,123.0,3.89,2.0,61.96,56.0,44.43,57.0,15.25,114.0,39.0,21.0,4.52,4.91,8.02,7.0,2.0,4.0,56.0,2.0,1.0
8460612,2008,Marty Turco,DAL,G,all,74,258435.0,186.84,203.0,3710.0,138.15,149.0,444.77,406.0,1998.56,1993.0,66.73,56.0,1110.49,925.0,838.18,1093.0,178.83,2168.0,497.0,172.0,64.36,60.48,62.0,61.0,75.0,67.0,873.0,16.0,8.0
8460612,2008,Marty Turco,DAL,G,5on5,74,196857.0,120.09,134.0,2712.0,94.23,97.0,339.29,312.0,1460.47,1464.0,48.51,36.0,805.86,661.0,625.27,817.0,117.12,1602.0,370.0,91.0,49.12,45.1,25.87,47.0,60.0,27.0,649.0,10.0,5.0
8460612,2008,Marty Turco,DAL,G,4on5,74,26072.0,44.8,54.0,665.0,32.99,35.0,73.24,63.0,361.93,340.0,1.51,2.0,221.83,193.0,120.71,154.0,41.97,378.0,77.0,56.0,8.72,9.15,26.94,7.0,12.0,35.0,154.0,2.0,1.0
8460612,2008,Marty Turco,DAL,G,5on4,74,27524.0,4.0,2.0,86.0,2.15,0.0,7.02,5.0,50.77,56.0,12.5,15.0,15.24,9.0,42.32,57.0,3.99,60.0,10.0,4.0,1.6,1.23,1.17,0.0,1.0,1.0,12.0,0.0,0.0
8462052,2008,Brian Boucher,S.J,G,other,22,2847.0,4.58,4.0,69.0,3.08,2.0,8.1,10.0,39.2,44.0,0.99,1.0,21.35,18.0,15.64,22.0,4.17,35.0,15.0,6.0,1.21,1.72,1.66,4.0,0.0,0.0,13.0,0.0,0.0
8462052,2008,Brian Boucher,S.J,G,all,22,77183.0,50.05,47.0,985.0,37.42,37.0,122.35,148.0,546.56,563.0,21.83,23.0,298.86,212.0,233.78,313.0,47.93,571.0,142.0,51.0,17.05,16.92,16.08,22.0,10.0,15.0,221.0,0.0,0.0
8462052,2008,Brian Boucher,S.J,G,5on5,22,59073.0,30.75,28.0,705.0,24.71,27.0,92.28,110.0,388.47,395.0,15.66,16.0,214.04,148.0,166.81,225.0,29.84,425.0,88.0,29.0,11.96,10.33,8.46,12.0,7.0,9.0,163.0,0.0,0.0
8462052,2008,Brian Boucher,S.J,G,4on5,22,6650.0,11.57,11.0,163.0,7.99,5.0,17.69,22.0,89.43,93.0,0.55,2.0,54.57,42.0,29.17,41.0,10.87,80.0,32.0,12.0,3.04,3.88,4.64,5.0,2.0,4.0,39.0,0.0,0.0
8462052,2008,Brian Boucher,S.J,G,5on4,22,8613.0,2.92,3.0,44.0,1.47,2.0,3.85,5.0,27.09,27.0,4.5,3.0,7.85,3.0,21.05,25.0,2.81,28.0,6.0,4.0,0.69,0.91,1.32,0.0,1.0,2.0,6.0,0.0,0.0
8460535,2008,Jose Theodore,WSH,G,other,57,6782.0,12.54,17.0,194.0,7.77,5.0,19.41,15.0,99.41,108.0,2.78,3.0,57.14,49.0,39.12,53.0,12.12,96.0,35.0,12.0,3.61,4.58,4.35,3.0,6.0,8.0,51.0,0.0,0.0
8460535,2008,Jose Theodore,WSH,G,all,57,195807.0,144.23,157.0,2940.0,110.45,98.0,342.99,316.0,1563.13,1572.0,56.0,53.0,884.27,729.0,653.29,849.0,138.75,1647.0,427.0,119.0,50.44,51.94,41.85,51.0,54.0,52.0,747.0,6.0,3.0
8460535,2008,Jose Theodore,WSH,G,5on5,57,148180.0,86.34,94.0,2076.0,71.4,64.0,250.18,243.0,1088.17,1098.0,41.66,36.0,609.54,480.0,467.94,613.0,84.56,1177.0,288.0,56.0,36.72,35.18,14.44,41.0,36.0,17.0,555.0,4.0,2.0
8460535,2008,Jose Theodore,WSH,G,4on5,57,22405.0,40.81,43.0,603.0,28.84,27.0,67.79,53.0,330.35,319.0,1.72,2.0,203.91,189.0,110.68,143.0,37.61,335.0,84.0,47.0,8.99,9.85,21.98,7.0,10.0,26.0,137.0,0.0,0.0
8460535,2008,Jose Theodore,WSH,G,5on4,57,18440.0,4.52,3.0,66.0,2.41,2.0,5.41,5.0,44.49,47.0,9.79,12.0,13.32,11.0,35.17,40.0,4.43,38.0,20.0,4.0,1.1,2.34,1.08,0.0,2.0,1.0,4.0,2.0,1.0
8470584,2008,Wade Dubielewicz,CBJ,G,other,3,176.0,0.04,0.0,2.0,0.13,0.0,0.26,1.0,1.27,2.0,0.11,0.0,1.16,1.0,0.38,0.0,0.04,2.0,0.0,0.0,0.04,0.0,0.0,0.0,0.0,0.0,0.0,0.0,0.0
8470584,2008,Wade Dubielewicz,CBJ,G,all,3,10118.0,5.64,10.0,129.0,4.86,4.0,14.99,15.0,68.7,77.0,2.62,9.0,40.34,30.0,28.05,33.0,5.52,81.0,11.0,4.0,2.72,1.29,1.63,6.0,2.0,2.0,33.0,0.0,0.0
8470584,2008,Wade Dubielewicz,CBJ,G,5on5,3,8283.0,4.86,7.0,107.0,3.88,4.0,13.03,11.0,58.64,64.0,1.98,6.0,33.09,26.0,24.35,29.0,4.75,70.0,7.0,4.0,2.42,0.81,1.63,5.0,0.0,2.0,26.0,0.0,0.0
8470584,2008,Wade Dubielewicz,CBJ,G,4on5,3,782.0,0.67,3.0,19.0,0.83,0.0,1.6,2.0,8.05,10.0,0.05,0.0,5.84,3.0,2.79,4.0,0.66,8.0,4.0,0.0,0.19,0.48,0.0,1.0,2.0,0.0,7.0,0.0,0.0
8470584,2008,Wade Dubielewicz,CBJ,G,5on4,3,877.0,0.08,0.0,1.0,0.03,0.0,0.09,1.0,0.74,1.0,0.48,3.0,0.25,0.0,0.53,0.0,0.08,1.0,0.0,0.0,0.08,0.0,0.0,0.0,0.0,0.0,0.0,0.0,0.0
8460703,2008,Tim Thomas,BOS,G,other,53,7175.0,12.1,11.0,182.0,7.12,13.0,18.77,13.0,92.55,101.0,2.12,1.0,52.6,48.0,36.46,48.0,11.18,95.0,23.0,17.0,3.15,2.77,6.18,6.0,1.0,4.0,47.0,0.0,0.0
8460703,2008,Tim Thomas,BOS,G,all,53,191840.0,137.13,112.0,2945.0,104.48,103.0,359.03,403.0,1572.72,1664.0,48.79,46.0,867.28,649.0,675.8,895.0,131.86,1685.0,398.0,121.0,47.01,47.37,42.75,33.0,45.0,34.0,741.0,6.0,3.0
8460703,2008,Tim Thomas,BOS,G,5on5,53,148196.0,89.51,68.0,2195.0,73.28,70.0,281.59,320.0,1178.6,1235.0,36.99,31.0,644.26,471.0,513.86,683.0,87.31,1279.0,304.0,62.0,36.45,36.21,16.85,20.0,34.0,14.0,550.0,4.0,2.0
8460703,2008,Tim Thomas,BOS,G,4on5,53,17595.0,32.36,29.0,491.0,22.2,19.0,54.15,64.0,263.69,278.0,0.98,3.0,159.58,122.0,89.92,127.0,30.22,267.0,61.0,39.0,6.23,7.05,19.08,6.0,7.0,16.0,124.0,2.0,1.0
8460703,2008,Tim Thomas,BOS,G,5on4,53,18874.0,3.0,4.0,73.0,1.76,1.0,4.21,6.0,36.36,48.0,8.59,11.0,10.12,7.0,34.89,36.0,2.99,43.0,9.0,3.0,1.15,1.21,0.64,1.0,3.0,0.0,18.0,0.0,0.0
8459463,2008,Kevin Weekes,N.J,G,other,16,1518.0,3.38,3.0,43.0,1.71,1.0,4.84,4.0,25.75,27.0,0.78,0.0,15.79,13.0,9.46,14.0,3.33,29.0,3.0,4.0,0.86,0.42,2.1,0.0,0.0,3.0,7.0,0.0,0.0
8459463,2008,Kevin Weekes,N.J,G,all,16,47377.0,31.02,32.0,691.0,23.9,23.0,84.61,86.0,369.82,399.0,12.67,6.0,206.59,154.0,158.26,216.0,30.27,416.0,80.0,22.0,11.86,9.29,9.86,12.0,10.0,10.0,173.0,0.0,0.0
8459463,2008,Kevin Weekes,N.J,G,5on5,16,36430.0,19.71,21.0,527.0,17.39,16.0,67.69,68.0,285.05,307.0,9.42,5.0,157.5,116.0,126.75,174.0,19.16,324.0,64.0,11.0,9.26,7.21,3.24,11.0,9.0,1.0,128.0,0.0,0.0
8459463,2008,Kevin Weekes,N.J,G,4on5,16,4610.0,7.46,8.0,110.0,4.54,5.0,11.06,11.0,53.2,60.0,0.22,0.0,31.53,25.0,17.79,24.0,7.32,56.0,12.0,7.0,1.45,1.49,4.52,1.0,1.0,6.0,35.0,0.0,0.0
8459463,2008,Kevin Weekes,N.J,G,5on4,16,4819.0,0.46,0.0,11.0,0.26,1.0,1.03,3.0,5.81,5.0,2.25,1.0,1.77,0.0,4.27,4.0,0.45,7.0,1.0,0.0,0.29,0.17,0.0,0.0,0.0,0.0,3.0,0.0,0.0
8473404,2008,Niklas Backstrom,MIN,G,other,71,7319.0,12.74,18.0,212.0,8.26,9.0,20.79,22.0,104.86,118.0,2.58,2.0,64.05,68.0,39.69,46.0,12.12,119.0,35.0,12.0,4.37,4.23,4.14,8.0,1.0,9.0,46.0,0.0,0.0
8473404,2008,Niklas Backstrom,MIN,G,all,71,244930.0,160.38,159.0,3707.0,132.47,126.0,457.01,505.0,1968.48,2059.0,57.39,33.0,1111.7,909.0,838.94,1089.0,155.72,2226.0,480.0,124.0,65.3,55.9,39.18,56.0,58.0,45.0,877.0,6.0,2.0
8473404,2008,Niklas Backstrom,MIN,G,5on5,71,191672.0,109.92,112.0,2807.0,92.76,85.0,360.3,378.0,1491.14,1537.0,42.83,21.0,827.82,651.0,650.42,865.0,107.24,1706.0,354.0,64.0,51.46,41.04,17.42,43.0,54.0,15.0,683.0,6.0,2.0
8473404,2008,Niklas Backstrom,MIN,G,4on5,71,23129.0,30.99,23.0,587.0,28.61,26.0,67.48,90.0,315.33,333.0,1.48,0.0,200.99,171.0,108.91,141.0,29.76,345.0,70.0,39.0,7.85,8.15,14.99,2.0,1.0,20.0,133.0,0.0,0.0
8473404,2008,Niklas Backstrom,MIN,G,5on4,71,22810.0,5.24,4.0,76.0,2.2,6.0,6.43,12.0,47.21,59.0,10.16,10.0,13.91,13.0,35.19,33.0,5.13,47.0,16.0,7.0,1.24,1.95,2.04,1.0,2.0,1.0,6.0,0.0,0.0
8471230,2008,Marek Schwarz,STL,G,other,2,18.0,0.0,0.0,0.0,0.0,0.0,0.0,0.0,0.0,0.0,0.0,0.0,0.0,0.0,0.0,0.0,0.0,0.0,0.0,0.0,0.0,0.0,0.0,0.0,0.0,0.0,0.0,0.0,0.0
8471230,2008,Marek Schwarz,STL,G,all,2,923.0,0.14,0.0,10.0,0.34,0.0,1.0,2.0,4.94,5.0,0.15,0.0,3.12,2.0,2.25,3.0,0.14,7.0,0.0,0.0,0.14,0.0,0.0,0.0,0.0,0.0,3.0,0.0,0.0
8471230,2008,Marek Schwarz,STL,G,5on5,2,646.0,0.11,0.0,4.0,0.14,0.0,0.38,2.0,2.03,2.0,0.13,0.0,1.29,1.0,1.02,0.0,0.11,3.0,0.0,0.0,0.11,0.0,0.0,0.0,0.0,0.0,1.0,0.0,0.0
8471230,2008,Marek Schwarz,STL,G,4on5,2,120.0,0.03,0.0,6.0,0.2,0.0,0.63,0.0,2.91,3.0,0.0,0.0,1.83,1.0,1.23,3.0,0.03,4.0,0.0,0.0,0.03,0.0,0.0,0.0,0.0,0.0,2.0,0.0,0.0
8471230,2008,Marek Schwarz,STL,G,5on4,2,139.0,0.0,0.0,0.0,0.0,0.0,0.0,0.0,0.0,0.0,0.02,0.0,0.0,0.0,0.0,0.0,0.0,0.0,0.0,0.0,0.0,0.0,0.0,0.0,0.0,0.0,0.0,0.0,0.0
8467950,2008,Craig Anderson,FLA,G,other,31,3660.0,5.73,4.0,96.0,4.07,5.0,9.5,14.0,49.22,56.0,1.04,1.0,28.01,22.0,19.16,24.0,5.5,48.0,15.0,6.0,1.56,1.87,2.3,1.0,1.0,2.0,27.0,0.0,0.0
8467950,2008,Craig Anderson,FLA,G,all,31,98154.0,83.98,74.0,1689.0,66.46,65.0,209.85,241.0,941.05,977.0,23.47,16.0,524.51,410.0,392.14,492.0,80.9,983.0,252.0,76.0,29.14,30.77,24.07,24.0,29.0,21.0,378.0,2.0,1.0
8467950,2008,Craig Anderson,FLA,G,5on5,31,74463.0,56.3,52.0,1240.0,45.33,48.0,162.53,180.0,696.35,723.0,17.4,12.0,381.88,290.0,296.75,374.0,54.71,749.0,172.0,46.0,22.49,20.71,13.1,21.0,17.0,14.0,273.0,2.0,1.0
8467950,2008,Craig Anderson,FLA,G,4on5,31,10189.0,20.57,16.0,320.0,16.3,12.0,34.91,42.0,174.66,175.0,0.53,0.0,108.57,92.0,58.84,77.0,19.29,160.0,62.0,23.0,4.48,7.76,8.34,1.0,10.0,5.0,75.0,0.0,0.0
8467950,2008,Craig Anderson,FLA,G,5on4,31,9842.0,1.38,2.0,33.0,0.76,0.0,2.92,5.0,20.82,23.0,4.5,3.0,6.05,6.0,17.4,17.0,1.38,26.0,3.0,1.0,0.62,0.43,0.34,1.0,1.0,0.0,3.0,0.0,0.0
8459579,2008,Patrick Lalime,BUF,G,other,24,3845.0,5.7,4.0,87.0,3.04,5.0,8.91,10.0,43.49,49.0,1.28,1.0,24.54,29.0,17.64,15.0,4.98,45.0,16.0,5.0,1.8,2.12,1.78,1.0,1.0,2.0,21.0,0.0,0.0
8459579,2008,Patrick Lalime,BUF,G,all,24,77802.0,55.35,67.0,1187.0,39.53,36.0,133.33,126.0,591.8,669.0,19.02,13.0,339.58,317.0,262.82,336.0,52.38,712.0,145.0,45.0,21.34,17.3,16.72,25.0,21.0,21.0,285.0,0.0,0.0
8459579,2008,Patrick Lalime,BUF,G,5on5,24,57422.0,32.13,48.0,826.0,25.22,20.0,97.95,89.0,411.38,459.0,13.82,10.0,231.68,206.0,186.56,244.0,31.49,512.0,88.0,22.0,15.67,10.18,6.29,22.0,16.0,10.0,204.0,0.0,0.0
8459579,2008,Patrick Lalime,BUF,G,4on5,24,8369.0,15.91,13.0,235.0,10.23,10.0,23.94,24.0,116.56,137.0,0.48,0.0,77.35,75.0,40.42,60.0,14.3,135.0,31.0,18.0,3.42,3.84,8.65,1.0,3.0,9.0,51.0,0.0,0.0
8459579,2008,Patrick Lalime,BUF,G,5on4,24,8166.0,1.62,2.0,39.0,1.04,1.0,2.54,3.0,20.38,24.0,3.44,2.0,6.02,7.0,18.2,17.0,1.6,20.0,10.0,0.0,0.46,1.16,0.0,1.0,1.0,0.0,9.0,0.0,0.0
8469461,2008,Pascal Leclaire,CBJ,G,other,12,1467.0,5.07,5.0,43.0,2.01,3.0,4.01,2.0,23.3,31.0,0.18,1.0,12.08,17.0,7.44,10.0,4.05,18.0,8.0,11.0,0.8,0.87,3.4,2.0,0.0,3.0,6.0,0.0,0.0
8469461,2008,Pascal Leclaire,CBJ,G,all,12,40420.0,28.34,43.0,579.0,19.69,17.0,60.27,45.0,280.46,324.0,8.79,11.0,159.56,155.0,124.04,162.0,26.8,324.0,81.0,24.0,10.47,9.61,8.25,18.0,12.0,13.0,150.0,0.0,0.0
8469461,2008,Pascal Leclaire,CBJ,G,5on5,12,29271.0,15.56,27.0,383.0,11.53,11.0,41.97,32.0,181.81,207.0,6.4,9.0,102.46,92.0,81.78,109.0,15.27,216.0,52.0,8.0,6.89,6.38,2.29,12.0,9.0,6.0,107.0,0.0,0.0
8469461,2008,Pascal Leclaire,CBJ,G,4on5,12,4966.0,6.45,9.0,128.0,5.45,2.0,12.7,10.0,61.68,68.0,0.27,0.0,40.91,42.0,22.73,29.0,6.26,73.0,17.0,4.0,2.31,1.8,2.34,3.0,3.0,3.0,34.0,0.0,0.0
8469461,2008,Pascal Leclaire,CBJ,G,5on4,12,4716.0,1.26,2.0,25.0,0.69,1.0,1.59,1.0,13.68,18.0,1.94,1.0,4.11,4.0,12.08,14.0,1.22,17.0,4.0,1.0,0.48,0.57,0.21,1.0,0.0,1.0,3.0,0.0,0.0
8459140,2008,Nikolai Khabibulin,CHI,G,other,42,5115.0,10.16,8.0,134.0,5.26,3.0,12.12,10.0,66.58,84.0,1.67,0.0,38.09,36.0,25.64,40.0,9.22,62.0,29.0,11.0,2.07,3.46,4.62,2.0,1.0,5.0,32.0,2.0,1.0
8459140,2008,Nikolai Khabibulin,CHI,G,all,42,146746.0,104.16,96.0,1928.0,71.89,71.0,224.14,210.0,1038.73,1192.0,36.7,29.0,570.86,430.0,432.73,670.0,100.3,1127.0,296.0,94.0,36.98,35.37,31.8,35.0,29.0,32.0,411.0,8.0,4.0
8459140,2008,Nikolai Khabibulin,CHI,G,5on5,42,112449.0,66.28,59.0,1376.0,49.22,48.0,172.35,154.0,760.2,864.0,28.42,19.0,414.94,296.0,320.65,514.0,64.63,841.0,203.0,53.0,27.37,24.16,14.74,21.0,24.0,14.0,279.0,4.0,2.0
8459140,2008,Nikolai Khabibulin,CHI,G,4on5,42,13678.0,24.14,26.0,360.0,15.61,19.0,35.08,41.0,175.94,204.0,0.75,0.0,106.73,90.0,58.16,81.0,22.87,182.0,53.0,28.0,5.84,6.49,11.81,10.0,3.0,13.0,97.0,2.0,1.0
8459140,2008,Nikolai Khabibulin,CHI,G,5on4,42,15504.0,3.25,3.0,54.0,1.65,1.0,4.13,5.0,33.58,38.0,5.76,10.0,10.19,7.0,27.19,33.0,3.24,40.0,11.0,1.0,1.61,1.26,0.38,2.0,1.0,0.0,2.0,0.0,0.0
8468011,2008,Ryan Miller,BUF,G,other,59,7526.0,17.84,18.0,251.0,10.11,15.0,25.12,18.0,126.98,141.0,2.86,3.0,75.04,87.0,44.4,47.0,16.63,115.0,58.0,15.0,4.46,7.35,6.03,6.0,4.0,8.0,63.0,0.0,0.0
8468011,2008,Ryan Miller,BUF,G,all,59,202395.0,139.72,145.0,3198.0,115.44,87.0,393.65,369.0,1719.59,1773.0,51.88,54.0,983.77,790.0,745.32,1004.0,134.35,1911.0,433.0,105.0,53.23,51.77,34.72,58.0,49.0,38.0,749.0,4.0,2.0
8468011,2008,Ryan Miller,BUF,G,5on5,59,154174.0,87.49,92.0,2330.0,77.54,53.0,301.49,299.0,1259.21,1285.0,37.64,39.0,707.24,522.0,563.47,776.0,85.29,1446.0,280.0,55.0,39.55,32.89,15.05,45.0,33.0,14.0,549.0,4.0,2.0
8468011,2008,Ryan Miller,BUF,G,4on5,59,19183.0,30.78,33.0,536.0,25.67,17.0,60.99,46.0,290.26,296.0,0.84,2.0,187.28,167.0,102.58,142.0,28.85,301.0,83.0,33.0,7.46,10.11,13.22,6.0,11.0,16.0,119.0,0.0,0.0
8468011,2008,Ryan Miller,BUF,G,5on4,59,21512.0,3.08,2.0,67.0,1.76,1.0,4.48,5.0,36.61,45.0,10.36,10.0,11.13,12.0,31.58,34.0,3.06,41.0,12.0,1.0,1.44,1.42,0.22,1.0,1.0,0.0,13.0,0.0,0.0
8460806,2008,Dwayne Roloson,EDM,G,other,63,8576.0,18.04,20.0,239.0,10.01,19.0,27.43,21.0,132.36,140.0,2.72,2.0,76.78,71.0,48.44,57.0,16.48,122.0,51.0,17.0,5.01,6.71,6.32,8.0,7.0,5.0,49.0,0.0,0.0
8460806,2008,Dwayne Roloson,EDM,G,all,63,215511.0,169.45,166.0,3448.0,126.47,140.0,426.84,467.0,1859.57,1953.0,49.58,50.0,1053.0,888.0,783.64,940.0,163.01,2033.0,488.0,143.0,63.1,59.67,46.69,60.0,63.0,43.0,784.0,10.0,5.0
8460806,2008,Dwayne Roloson,EDM,G,5on5,63,160785.0,108.39,102.0,2519.0,84.55,86.0,321.97,361.0,1346.1,1414.0,36.97,37.0,746.31,623.0,584.86,702.0,105.27,1503.0,349.0,70.0,47.28,42.34,18.77,38.0,46.0,18.0,597.0,8.0,4.0
8460806,2008,Dwayne Roloson,EDM,G,4on5,63,21828.0,37.38,37.0,612.0,29.54,28.0,70.9,82.0,333.92,347.0,1.25,3.0,215.84,183.0,116.15,142.0,35.83,364.0,75.0,46.0,9.4,9.04,18.94,10.0,8.0,19.0,127.0,2.0,1.0
8460806,2008,Dwayne Roloson,EDM,G,5on4,63,24322.0,5.52,6.0,75.0,2.37,6.0,6.53,3.0,47.2,50.0,8.62,8.0,14.07,11.0,34.19,39.0,5.29,42.0,13.0,10.0,1.29,1.57,2.66,3.0,2.0,1.0,10.0,0.0,0.0
8473972,2008,Jonas Hiller,ANA,G,other,46,4664.0,12.01,7.0,148.0,6.63,4.0,16.63,21.0,85.12,86.0,1.82,2.0,49.09,42.0,30.78,42.0,10.58,73.0,31.0,15.0,2.52,3.83,5.67,1.0,3.0,3.0,29.0,0.0,0.0
8473972,2008,Jonas Hiller,ANA,G,all,46,148823.0,108.72,99.0,2128.0,84.59,86.0,263.29,253.0,1191.49,1217.0,40.54,40.0,685.47,537.0,502.93,704.0,102.24,1298.0,327.0,92.0,38.12,39.25,31.34,27.0,39.0,33.0,411.0,0.0,0.0
8473972,2008,Jonas Hiller,ANA,G,5on5,46,113856.0,62.79,56.0,1472.0,52.87,59.0,189.69,181.0,821.97,834.0,29.74,28.0,463.1,348.0,364.55,516.0,61.41,938.0,207.0,38.0,28.08,24.39,10.32,17.0,28.0,11.0,289.0,0.0,0.0
8473972,2008,Jonas Hiller,ANA,G,4on5,46,16972.0,31.13,32.0,463.0,23.75,23.0,53.1,49.0,256.15,269.0,0.93,2.0,164.57,142.0,85.94,118.0,27.52,257.0,81.0,36.0,6.65,9.82,14.67,7.0,8.0,17.0,89.0,0.0,0.0
8473972,2008,Jonas Hiller,ANA,G,5on4,46,13331.0,2.39,4.0,41.0,1.22,0.0,3.49,2.0,25.97,26.0,7.94,8.0,7.79,4.0,20.54,26.0,2.37,29.0,6.0,3.0,0.83,0.87,0.69,2.0,0.0,2.0,3.0,0.0,0.0
8462152,2008,Chris Mason,STL,G,other,57,7792.0,12.95,7.0,199.0,8.18,6.0,20.49,19.0,104.55,102.0,2.74,1.0,63.42,73.0,38.65,46.0,11.04,98.0,35.0,19.0,3.41,3.96,5.59,3.0,1.0,3.0,47.0,0.0,0.0
8462152,2008,Chris Mason,STL,G,all,57,192894.0,130.18,129.0,2925.0,104.93,93.0,341.84,316.0,1520.03,1544.0,46.83,35.0,872.67,785.0,645.14,836.0,124.95,1703.0,390.0,110.0,51.72,44.87,33.6,52.0,39.0,38.0,722.0,0.0,0.0
8462152,2008,Chris Mason,STL,G,5on5,57,144390.0,82.75,78.0,2065.0,68.58,65.0,256.36,240.0,1088.12,1092.0,34.42,29.0,608.54,532.0,475.16,614.0,80.87,1247.0,261.0,54.0,38.18,30.07,14.5,34.0,29.0,15.0,503.0,0.0,0.0
8462152,2008,Chris Mason,STL,G,4on5,57,21312.0,30.95,37.0,585.0,26.52,21.0,59.79,56.0,289.67,309.0,1.1,1.0,188.95,166.0,102.13,143.0,29.54,314.0,84.0,34.0,8.72,9.5,12.73,12.0,8.0,17.0,153.0,0.0,0.0
8462152,2008,Chris Mason,STL,G,5on4,57,19400.0,3.3,5.0,69.0,1.57,1.0,4.64,1.0,35.54,38.0,8.27,4.0,10.78,14.0,27.99,30.0,3.27,39.0,10.0,3.0,1.18,1.34,0.78,1.0,1.0,3.0,17.0,0.0,0.0
8467913,2008,Alex Auld,OTT,G,other,43,4624.0,6.77,6.0,149.0,4.29,8.0,14.43,13.0,64.19,64.0,2.07,0.0,35.38,35.0,27.51,35.0,6.22,71.0,19.0,8.0,2.31,2.26,2.2,4.0,1.0,1.0,51.0,0.0,0.0
8467913,2008,Alex Auld,OTT,G,all,43,150866.0,103.97,102.0,2201.0,75.12,81.0,249.74,221.0,1099.7,1168.0,35.72,34.0,613.33,506.0,467.13,665.0,99.49,1223.0,298.0,93.0,37.36,35.7,30.91,40.0,33.0,29.0,587.0,2.0,2.0
8467913,2008,Alex Auld,OTT,G,5on5,43,114623.0,66.19,66.0,1602.0,51.61,60.0,189.7,163.0,803.96,850.0,26.63,28.0,447.29,362.0,352.41,499.0,64.63,926.0,203.0,51.0,28.16,24.31,13.72,31.0,21.0,14.0,422.0,2.0,1.0
8467913,2008,Alex Auld,OTT,G,4on5,43,16388.0,27.69,26.0,397.0,17.53,13.0,41.87,43.0,202.35,219.0,1.2,0.0,120.88,96.0,64.46,108.0,25.39,201.0,60.0,31.0,6.22,7.24,14.23,4.0,8.0,14.0,105.0,0.0,0.0
8467913,2008,Alex Auld,OTT,G,5on4,43,15231.0,2.6,3.0,46.0,1.22,0.0,2.9,1.0,24.59,30.0,5.82,6.0,7.07,10.0,21.66,23.0,2.6,23.0,13.0,2.0,0.53,1.61,0.45,1.0,2.0,0.0,8.0,0.0,1.0
8468038,2008,Michael Leighton,CAR,G,other,19,3693.0,4.57,3.0,76.0,2.88,5.0,9.45,8.0,43.25,42.0,1.16,1.0,24.35,23.0,18.34,23.0,4.34,42.0,16.0,4.0,1.4,1.92,1.26,1.0,2.0,0.0,14.0,0.0,0.0
8468038,2008,Michael Leighton,CAR,G,all,19,61731.0,48.0,50.0,970.0,35.84,53.0,116.03,95.0,517.44,507.0,17.25,9.0,292.16,233.0,222.82,290.0,46.57,558.0,126.0,51.0,16.51,15.47,16.02,14.0,15.0,21.0,235.0,4.0,2.0
8468038,2008,Michael Leighton,CAR,G,5on5,19,44815.0,31.19,33.0,684.0,23.73,36.0,84.78,72.0,365.04,360.0,12.31,6.0,203.27,158.0,159.81,208.0,30.29,400.0,85.0,32.0,12.04,10.41,8.74,12.0,8.0,13.0,167.0,2.0,1.0
8468038,2008,Michael Leighton,CAR,G,4on5,19,6470.0,11.17,12.0,186.0,8.59,11.0,19.84,12.0,93.86,87.0,0.25,0.0,60.28,51.0,33.01,46.0,10.88,100.0,22.0,14.0,2.65,2.76,5.76,1.0,4.0,7.0,50.0,2.0,1.0
8468038,2008,Michael Leighton,CAR,G,5on4,19,6753.0,1.07,2.0,24.0,0.64,1.0,1.96,3.0,15.29,18.0,3.54,2.0,4.25,1.0,11.66,13.0,1.06,16.0,3.0,1.0,0.43,0.38,0.26,0.0,1.0,1.0,4.0,0.0,0.0
8469658,2008,Cristobal Huet,CHI,G,other,41,3954.0,6.83,7.0,103.0,4.23,1.0,11.48,10.0,59.76,61.0,1.39,1.0,33.74,30.0,24.06,37.0,6.59,60.0,19.0,6.0,2.4,2.23,2.19,3.0,2.0,2.0,18.0,0.0,0.0
8469658,2008,Cristobal Huet,CHI,G,all,41,139858.0,97.09,99.0,1861.0,74.14,58.0,224.67,209.0,1046.78,1082.0,38.06,36.0,581.19,456.0,431.28,602.0,94.16,1047.0,318.0,82.0,31.84,38.47,26.8,26.0,46.0,27.0,414.0,2.0,1.0
8469658,2008,Cristobal Huet,CHI,G,5on5,41,106662.0,62.36,63.0,1293.0,48.49,40.0,163.19,140.0,731.96,752.0,29.36,26.0,400.84,313.0,308.32,439.0,60.72,743.0,219.0,46.0,22.54,26.93,12.9,16.0,37.0,10.0,285.0,2.0,1.0
8469658,2008,Cristobal Huet,CHI,G,4on5,41,14194.0,25.09,27.0,416.0,19.97,15.0,45.43,52.0,219.92,234.0,0.68,2.0,136.41,109.0,72.89,96.0,24.05,209.0,71.0,28.0,5.87,8.13,11.08,6.0,6.0,15.0,108.0,0.0,0.0
8469658,2008,Cristobal Huet,CHI,G,5on4,41,15048.0,2.81,2.0,49.0,1.46,2.0,4.57,7.0,35.15,35.0,6.63,7.0,10.2,4.0,26.02,30.0,2.8,35.0,9.0,2.0,1.01,1.18,0.62,1.0,1.0,0.0,3.0,0.0,0.0
8473575,2008,Semyon Varlamov,WSH,G,other,6,1231.0,1.26,2.0,27.0,0.72,1.0,2.53,3.0,11.8,10.0,0.59,0.0,6.59,4.0,5.59,7.0,1.25,14.0,3.0,1.0,0.51,0.4,0.34,2.0,0.0,0.0,9.0,0.0,0.0
8473575,2008,Semyon Varlamov,WSH,G,all,6,19713.0,15.96,13.0,276.0,11.51,12.0,34.2,39.0,156.85,159.0,5.61,4.0,84.27,68.0,62.51,76.0,15.55,153.0,49.0,13.0,5.06,6.35,4.56,4.0,5.0,4.0,61.0,2.0,1.0
8473575,2008,Semyon Varlamov,WSH,G,5on5,6,14315.0,10.13,8.0,189.0,7.86,5.0,25.16,27.0,111.61,113.0,4.23,3.0,59.91,49.0,44.67,59.0,9.93,107.0,40.0,5.0,3.71,5.17,1.25,2.0,5.0,1.0,37.0,0.0,0.0
8473575,2008,Semyon Varlamov,WSH,G,4on5,6,2494.0,3.91,3.0,54.0,2.7,5.0,5.9,9.0,28.65,31.0,0.1,1.0,16.49,13.0,9.15,7.0,3.77,29.0,4.0,6.0,0.78,0.5,2.63,0.0,0.0,3.0,15.0,0.0,0.0
8473575,2008,Semyon Varlamov,WSH,G,5on4,6,1673.0,0.67,0.0,6.0,0.22,1.0,0.61,0.0,4.79,5.0,0.69,0.0,1.27,2.0,3.1,3.0,0.6,3.0,2.0,1.0,0.05,0.28,0.33,0.0,0.0,0.0,0.0,2.0,1.0
8470320,2008,Cam Ward,CAR,G,other,68,8494.0,15.98,11.0,206.0,7.67,12.0,21.21,21.0,107.84,107.0,3.64,3.0,60.95,53.0,41.15,58.0,13.94,105.0,34.0,18.0,3.77,4.24,7.97,1.0,3.0,7.0,49.0,0.0,0.0
8470320,2008,Cam Ward,CAR,G,all,68,234483.0,178.45,160.0,3642.0,130.49,163.0,430.13,369.0,1886.55,1901.0,66.83,61.0,1041.35,848.0,790.21,1080.0,171.34,2048.0,473.0,165.0,62.47,58.13,57.85,53.0,55.0,52.0,956.0,4.0,2.0
8470320,2008,Cam Ward,CAR,G,5on5,68,179149.0,117.06,106.0,2717.0,91.08,112.0,333.26,285.0,1399.12,1411.0,50.45,46.0,768.17,624.0,596.0,814.0,113.7,1569.0,330.0,98.0,48.19,40.52,28.35,42.0,41.0,23.0,720.0,2.0,1.0
8470320,2008,Cam Ward,CAR,G,4on5,68,20098.0,39.41,38.0,610.0,28.74,36.0,66.67,53.0,315.91,318.0,1.22,2.0,192.89,156.0,104.14,153.0,37.79,311.0,86.0,45.0,8.69,10.14,20.59,9.0,9.0,20.0,168.0,2.0,1.0
8470320,2008,Cam Ward,CAR,G,5on4,68,26742.0,5.94,5.0,106.0,2.93,3.0,8.64,9.0,62.25,64.0,11.49,10.0,18.67,14.0,48.12,55.0,5.86,61.0,23.0,4.0,1.77,3.23,0.93,1.0,2.0,2.0,18.0,0.0,0.0
8462044,2008,Jean-Sebastien Giguere,ANA,G,other,46,4972.0,9.36,13.0,109.0,4.51,4.0,12.12,11.0,63.47,70.0,1.65,2.0,38.33,32.0,23.83,31.0,9.11,63.0,22.0,10.0,2.43,2.9,4.02,6.0,1.0,6.0,14.0,0.0,0.0
8462044,2008,Jean-Sebastien Giguere,ANA,G,all,46,147109.0,109.46,127.0,2139.0,83.39,83.0,269.87,229.0,1206.7,1274.0,34.88,27.0,696.02,593.0,500.38,682.0,106.15,1365.0,295.0,91.0,41.09,34.92,33.45,55.0,30.0,42.0,388.0,4.0,2.0
8462044,2008,Jean-Sebastien Giguere,ANA,G,5on5,46,109761.0,64.27,75.0,1492.0,53.43,54.0,198.17,165.0,843.59,892.0,25.06,19.0,473.93,409.0,364.26,492.0,62.54,985.0,192.0,41.0,30.68,22.71,10.89,41.0,20.0,14.0,274.0,2.0,1.0
8462044,2008,Jean-Sebastien Giguere,ANA,G,4on5,46,18401.0,33.51,35.0,492.0,24.22,24.0,56.43,52.0,275.34,284.0,0.94,1.0,176.05,148.0,94.32,137.0,32.31,295.0,71.0,38.0,7.37,8.09,18.05,6.0,8.0,21.0,88.0,2.0,1.0
8462044,2008,Jean-Sebastien Giguere,ANA,G,5on4,46,13975.0,2.08,2.0,42.0,1.13,1.0,2.89,1.0,23.15,26.0,7.21,5.0,6.81,4.0,17.45,22.0,1.96,20.0,9.0,2.0,0.48,1.11,0.49,0.0,1.0,1.0,11.0,0.0,0.0
8469675,2008,Martin Gerber,TOR,G,other,26,2765.0,4.16,4.0,80.0,2.99,1.0,8.0,7.0,38.66,40.0,1.04,0.0,23.05,22.0,14.36,19.0,3.78,39.0,12.0,5.0,0.98,1.55,1.63,2.0,1.0,1.0,24.0,0.0,0.0
8469675,2008,Martin Gerber,TOR,G,all,26,92680.0,76.75,78.0,1539.0,55.56,35.0,178.04,131.0,812.98,799.0,23.66,21.0,455.51,431.0,346.31,435.0,74.26,865.0,199.0,76.0,24.67,24.56,27.51,26.0,23.0,29.0,399.0,16.0,4.0
8469675,2008,Martin Gerber,TOR,G,5on5,26,70659.0,49.71,54.0,1153.0,40.28,25.0,141.17,101.0,617.54,605.0,17.41,17.0,344.16,321.0,266.11,335.0,48.46,671.0,149.0,41.0,20.25,18.26,11.2,23.0,18.0,13.0,292.0,14.0,3.0
8469675,2008,Martin Gerber,TOR,G,4on5,26,9519.0,20.81,18.0,264.0,11.27,7.0,26.11,20.0,133.75,123.0,0.76,0.0,82.0,84.0,42.65,56.0,19.96,128.0,31.0,28.0,2.86,3.75,14.2,1.0,3.0,14.0,77.0,2.0,1.0
8469675,2008,Martin Gerber,TOR,G,5on4,26,9737.0,2.06,2.0,42.0,1.02,2.0,2.76,3.0,23.04,31.0,4.45,4.0,6.3,4.0,23.19,25.0,2.06,27.0,7.0,2.0,0.58,0.99,0.5,0.0,1.0,1.0,6.0,0.0,0.0
8470657,2008,Jimmy Howard,DET,G,other,1,98.0,0.06,1.0,1.0,0.03,0.0,0.14,0.0,0.74,1.0,0.0,0.0,0.34,0.0,0.4,0.0,0.06,1.0,0.0,0.0,0.06,0.0,0.0,1.0,0.0,0.0,0.0,0.0,0.0
8470657,2008,Jimmy Howard,DET,G,all,1,3516.0,2.18,4.0,46.0,1.77,1.0,6.05,4.0,27.21,28.0,1.06,0.0,15.53,15.0,11.59,13.0,2.15,26.0,12.0,0.0,0.75,1.43,0.0,2.0,2.0,0.0,8.0,0.0,0.0
8470657,2008,Jimmy Howard,DET,G,5on5,1,2659.0,1.46,2.0,37.0,1.31,1.0,4.94,3.0,21.13,21.0,0.78,0.0,11.72,12.0,8.92,10.0,1.44,22.0,7.0,0.0,0.55,0.9,0.0,1.0,1.0,0.0,8.0,0.0,0.0
8470657,2008,Jimmy Howard,DET,G,4on5,1,234.0,0.62,1.0,7.0,0.41,0.0,0.82,0.0,4.57,5.0,0.05,0.0,3.24,3.0,1.73,3.0,0.6,2.0,5.0,0.0,0.1,0.53,0.0,0.0,1.0,0.0,0.0,0.0,0.0
8470657,2008,Jimmy Howard,DET,G,5on4,1,525.0,0.04,0.0,1.0,0.02,0.0,0.15,1.0,0.77,1.0,0.23,0.0,0.23,0.0,0.54,0.0,0.04,1.0,0.0,0.0,0.04,0.0,0.0,0.0,0.0,0.0,0.0,0.0,0.0
8462161,2008,Brent Johnson,WSH,G,other,21,2294.0,4.58,5.0,70.0,3.35,1.0,8.49,9.0,42.65,38.0,0.91,0.0,25.32,20.0,15.92,22.0,4.35,40.0,18.0,2.0,1.4,2.5,0.67,3.0,1.0,1.0,10.0,0.0,0.0
8462161,2008,Brent Johnson,WSH,G,all,21,67869.0,49.2,53.0,1031.0,38.86,30.0,123.38,138.0,551.72,579.0,18.99,16.0,319.78,257.0,230.18,290.0,47.94,597.0,152.0,32.0,18.36,18.8,12.04,26.0,14.0,13.0,250.0,4.0,2.0
8462161,2008,Brent Johnson,WSH,G,5on5,21,51911.0,30.22,30.0,737.0,25.29,23.0,90.28,107.0,385.26,406.0,14.16,14.0,218.51,168.0,167.29,212.0,29.56,426.0,105.0,14.0,13.66,12.79,3.78,19.0,8.0,3.0,192.0,2.0,1.0
8462161,2008,Brent Johnson,WSH,G,4on5,21,6901.0,12.9,15.0,199.0,9.43,6.0,22.45,19.0,108.08,120.0,0.25,0.0,71.05,68.0,35.75,42.0,12.53,118.0,22.0,15.0,2.83,2.69,7.38,3.0,3.0,9.0,44.0,2.0,1.0
8462161,2008,Brent Johnson,WSH,G,5on4,21,6763.0,1.49,3.0,25.0,0.79,0.0,2.17,3.0,15.72,15.0,3.67,2.0,4.9,1.0,11.21,14.0,1.49,13.0,7.0,1.0,0.46,0.82,0.22,1.0,2.0,0.0,4.0,0.0,0.0
8471403,2008,Karri Ramo,T.B,G,other,24,4845.0,9.97,14.0,134.0,5.63,8.0,13.56,11.0,70.91,77.0,0.89,1.0,41.58,48.0,27.03,22.0,9.55,79.0,15.0,11.0,2.19,1.94,5.84,4.0,2.0,8.0,29.0,0.0,0.0
8471403,2008,Karri Ramo,T.B,G,all,24,82314.0,71.55,83.0,1432.0,54.23,56.0,168.49,183.0,763.48,793.0,18.48,14.0,434.63,366.0,321.92,369.0,69.61,822.0,200.0,62.0,24.24,23.66,23.65,21.0,30.0,32.0,348.0,2.0,2.0
8471403,2008,Karri Ramo,T.B,G,5on5,24,60317.0,42.48,47.0,988.0,34.52,34.0,121.88,128.0,525.75,540.0,13.4,8.0,295.24,226.0,230.06,288.0,41.42,571.0,144.0,29.0,17.93,16.81,7.74,15.0,22.0,10.0,244.0,2.0,1.0
8471403,2008,Karri Ramo,T.B,G,4on5,24,9515.0,17.16,21.0,276.0,13.11,13.0,30.49,41.0,146.04,152.0,0.49,0.0,91.63,86.0,48.06,41.0,16.72,151.0,35.0,20.0,3.6,4.08,9.49,2.0,5.0,14.0,70.0,0.0,1.0
8471403,2008,Karri Ramo,T.B,G,5on4,24,7637.0,1.95,1.0,34.0,0.97,1.0,2.54,3.0,20.78,24.0,3.7,5.0,6.18,6.0,16.78,18.0,1.92,21.0,6.0,2.0,0.52,0.83,0.59,0.0,1.0,0.0,5.0,0.0,0.0
8460705,2008,Evgeni Nabokov,S.J,G,other,62,7873.0,16.72,18.0,224.0,8.41,12.0,21.9,27.0,110.66,131.0,3.58,4.0,62.62,53.0,40.52,58.0,15.91,122.0,27.0,21.0,4.61,3.53,8.58,5.0,3.0,10.0,54.0,0.0,0.0
8460705,2008,Evgeni Nabokov,S.J,G,all,62,220886.0,140.76,150.0,3018.0,108.28,127.0,362.8,398.0,1589.83,1663.0,62.56,52.0,890.39,678.0,671.97,885.0,135.29,1764.0,383.0,127.0,51.25,46.72,42.79,52.0,50.0,48.0,744.0,12.0,6.0
8460705,2008,Evgeni Nabokov,S.J,G,5on5,62,170902.0,89.86,95.0,2225.0,74.23,89.0,279.75,307.0,1173.09,1217.0,45.38,42.0,652.16,479.0,508.99,665.0,87.16,1329.0,263.0,70.0,38.96,31.71,19.19,38.0,35.0,22.0,563.0,10.0,5.0
8460705,2008,Evgeni Nabokov,S.J,G,4on5,62,19680.0,29.42,29.0,474.0,23.3,23.0,53.77,60.0,255.53,258.0,1.36,0.0,159.06,137.0,85.48,110.0,27.59,257.0,77.0,32.0,5.94,9.47,14.01,6.0,9.0,14.0,108.0,0.0,0.0
8460705,2008,Evgeni Nabokov,S.J,G,5on4,62,22431.0,3.76,7.0,77.0,1.75,2.0,5.4,4.0,40.66,47.0,11.64,6.0,12.06,6.0,32.25,43.0,3.65,46.0,12.0,4.0,1.36,1.39,1.01,2.0,3.0,2.0,15.0,2.0,1.0
8471750,2008,Ben Bishop,STL,G,other,6,523.0,0.78,1.0,26.0,0.81,0.0,2.37,5.0,11.12,7.0,0.18,0.0,6.6,7.0,5.06,3.0,0.72,14.0,2.0,0.0,0.59,0.19,0.0,1.0,0.0,0.0,10.0,0.0,0.0
8471750,2008,Ben Bishop,STL,G,all,6,14699.0,9.98,12.0,252.0,8.76,11.0,29.02,30.0,125.83,112.0,3.66,1.0,71.97,56.0,53.09,67.0,9.35,138.0,28.0,11.0,4.08,3.27,2.63,4.0,4.0,4.0,75.0,0.0,0.0
8471750,2008,Ben Bishop,STL,G,5on5,6,10737.0,7.37,9.0,169.0,5.7,10.0,20.58,19.0,87.61,80.0,2.43,1.0,48.16,34.0,36.35,48.0,6.9,90.0,21.0,10.0,2.55,2.45,2.37,1.0,4.0,4.0,48.0,0.0,0.0
8471750,2008,Ben Bishop,STL,G,4on5,6,1732.0,1.5,2.0,51.0,2.06,0.0,5.33,5.0,22.83,22.0,0.11,0.0,15.93,13.0,8.38,14.0,1.42,29.0,4.0,1.0,0.77,0.47,0.26,2.0,0.0,0.0,17.0,0.0,0.0
8471750,2008,Ben Bishop,STL,G,5on4,6,1707.0,0.33,0.0,6.0,0.19,1.0,0.74,1.0,4.26,3.0,0.95,0.0,1.27,2.0,3.3,2.0,0.32,5.0,1.0,0.0,0.17,0.16,0.0,0.0,0.0,0.0,0.0,0.0,0.0
8470216,2008,Josh Harding,MIN,G,other,19,1306.0,2.11,2.0,36.0,1.49,2.0,4.2,5.0,20.29,22.0,0.67,0.0,11.03,10.0,8.51,9.0,2.06,21.0,6.0,1.0,0.72,0.82,0.57,0.0,1.0,1.0,8.0,0.0,0.0
8470216,2008,Josh Harding,MIN,G,all,19,50989.0,36.66,32.0,781.0,30.91,20.0,100.32,114.0,450.66,453.0,13.39,9.0,253.92,202.0,192.03,243.0,34.98,498.0,107.0,24.0,16.13,12.64,7.89,14.0,12.0,6.0,152.0,2.0,1.0
8470216,2008,Josh Harding,MIN,G,5on5,19,38586.0,22.86,24.0,570.0,20.26,11.0,76.0,84.0,322.71,330.0,9.17,5.0,181.42,145.0,139.38,172.0,22.44,373.0,66.0,12.0,11.36,7.85,3.65,12.0,10.0,2.0,119.0,2.0,1.0
8470216,2008,Josh Harding,MIN,G,4on5,19,5164.0,10.64,4.0,148.0,8.42,7.0,17.6,23.0,89.34,84.0,0.37,0.0,55.89,45.0,29.54,44.0,9.44,80.0,35.0,10.0,3.22,3.96,3.45,1.0,1.0,2.0,23.0,0.0,0.0
8470216,2008,Josh Harding,MIN,G,5on4,19,5933.0,1.04,2.0,27.0,0.74,0.0,2.52,2.0,18.32,17.0,3.18,4.0,5.59,2.0,14.61,18.0,1.04,24.0,0.0,1.0,0.82,0.0,0.23,1.0,0.0,1.0,2.0,0.0,0.0
8468524,2008,Ilya Bryzgalov,ARI,G,other,64,6361.0,10.13,10.0,176.0,6.09,2.0,17.53,17.0,87.55,96.0,2.09,1.0,50.88,48.0,36.02,50.0,9.5,95.0,27.0,8.0,3.32,3.22,3.59,3.0,4.0,3.0,46.0,0.0,0.0
8468524,2008,Ilya Bryzgalov,ARI,G,all,64,221998.0,165.17,186.0,3689.0,130.57,132.0,441.85,375.0,1948.37,1958.0,52.85,48.0,1101.42,880.0,874.06,1149.0,159.93,2188.0,473.0,129.0,61.35,57.11,46.71,57.0,69.0,60.0,899.0,2.0,1.0
8468524,2008,Ilya Bryzgalov,ARI,G,5on5,64,175517.0,108.66,122.0,2832.0,95.4,95.0,354.66,294.0,1493.94,1488.0,39.14,40.0,847.42,675.0,674.9,894.0,106.14,1713.0,355.0,64.0,48.43,42.71,17.51,47.0,48.0,27.0,700.0,0.0,0.0
8468524,2008,Ilya Bryzgalov,ARI,G,4on5,64,18045.0,39.81,50.0,553.0,25.51,32.0,58.99,55.0,286.58,292.0,1.17,2.0,177.77,138.0,97.5,129.0,37.9,291.0,70.0,52.0,7.39,8.4,24.03,6.0,15.0,29.0,140.0,0.0,0.0
8468524,2008,Ilya Bryzgalov,ARI,G,5on4,64,22075.0,6.07,3.0,118.0,3.2,3.0,9.19,8.0,73.73,73.0,10.4,5.0,22.16,16.0,62.32,73.0,5.95,80.0,20.0,5.0,1.85,2.65,1.57,0.0,2.0,1.0,13.0,2.0,1.0
8471715,2008,Ondrej Pavelec,ATL,G,other,12,947.0,1.31,1.0,24.0,0.74,1.0,1.81,0.0,10.07,11.0,0.16,0.0,6.27,10.0,3.66,4.0,1.25,12.0,3.0,1.0,0.41,0.32,0.58,1.0,0.0,0.0,8.0,0.0,0.0
8471715,2008,Ondrej Pavelec,ATL,G,all,12,35965.0,27.39,36.0,514.0,19.35,17.0,64.44,52.0,287.63,301.0,7.8,4.0,161.19,139.0,118.53,151.0,26.2,305.0,75.0,23.0,9.17,8.73,9.48,13.0,13.0,10.0,111.0,0.0,0.0
8471715,2008,Ondrej Pavelec,ATL,G,5on5,12,28410.0,19.21,24.0,404.0,15.2,15.0,54.16,43.0,232.7,238.0,6.29,1.0,128.45,107.0,98.38,129.0,18.64,245.0,64.0,14.0,7.76,7.55,3.89,10.0,11.0,3.0,81.0,0.0,0.0
8471715,2008,Ondrej Pavelec,ATL,G,4on5,12,2793.0,6.59,11.0,78.0,3.23,1.0,7.86,9.0,41.13,48.0,0.16,1.0,25.32,19.0,13.81,16.0,6.03,44.0,7.0,8.0,0.84,0.74,5.01,2.0,2.0,7.0,19.0,0.0,0.0
8471715,2008,Ondrej Pavelec,ATL,G,5on4,12,3815.0,0.28,0.0,8.0,0.17,0.0,0.61,0.0,3.73,4.0,1.19,2.0,1.15,3.0,2.68,2.0,0.28,4.0,1.0,0.0,0.16,0.12,0.0,0.0,0.0,0.0,3.0,0.0,0.0
8468540,2008,Dan Ellis,NSH,G,other,35,4456.0,7.43,8.0,114.0,3.61,1.0,9.96,8.0,50.25,58.0,1.72,2.0,29.86,32.0,17.91,26.0,7.03,56.0,15.0,8.0,2.32,1.84,3.27,2.0,2.0,4.0,35.0,0.0,0.0
8468540,2008,Dan Ellis,NSH,G,all,35,117883.0,92.58,96.0,1773.0,63.82,74.0,208.16,197.0,921.14,963.0,27.69,35.0,515.45,416.0,382.28,527.0,88.31,1030.0,218.0,97.0,32.71,26.51,33.35,24.0,35.0,37.0,428.0,2.0,1.0
8468540,2008,Dan Ellis,NSH,G,5on5,35,85495.0,57.84,57.0,1271.0,44.57,51.0,160.75,156.0,677.62,696.0,19.13,27.0,380.99,308.0,287.19,395.0,56.06,791.0,148.0,52.0,24.96,17.71,15.17,17.0,21.0,19.0,280.0,0.0,0.0
8468540,2008,Dan Ellis,NSH,G,4on5,35,14096.0,24.67,28.0,339.0,14.13,19.0,33.57,29.0,163.61,179.0,1.2,2.0,96.14,66.0,52.53,87.0,22.6,155.0,42.0,36.0,4.68,5.33,14.65,5.0,10.0,13.0,106.0,2.0,1.0
8468540,2008,Dan Ellis,NSH,G,5on4,35,13836.0,2.63,3.0,49.0,1.5,3.0,3.88,4.0,29.65,30.0,5.63,4.0,8.46,10.0,24.64,19.0,2.61,28.0,13.0,1.0,0.75,1.63,0.26,0.0,2.0,1.0,7.0,0.0,0.0
8470074,2008,Jeff Deslauriers,EDM,G,other,10,438.0,2.11,0.0,21.0,1.08,1.0,1.97,1.0,12.32,11.0,0.29,0.0,7.23,6.0,4.23,9.0,1.98,8.0,6.0,4.0,0.2,0.8,1.11,0.0,0.0,0.0,3.0,0.0,0.0
8470074,2008,Jeff Deslauriers,EDM,G,all,10,32077.0,28.43,30.0,543.0,20.44,16.0,70.3,77.0,305.75,302.0,8.54,14.0,174.35,146.0,127.41,155.0,27.62,317.0,90.0,25.0,9.23,10.85,8.35,10.0,9.0,11.0,111.0,0.0,0.0
8470074,2008,Jeff Deslauriers,EDM,G,5on5,10,25282.0,15.7,20.0,406.0,13.7,12.0,55.82,63.0,227.64,221.0,6.71,14.0,126.59,103.0,99.76,115.0,15.43,258.0,51.0,10.0,7.4,6.02,2.28,9.0,8.0,3.0,87.0,0.0,0.0
8470074,2008,Jeff Deslauriers,EDM,G,4on5,10,3302.0,10.36,9.0,108.0,5.46,3.0,11.75,13.0,60.64,66.0,0.26,0.0,38.71,37.0,19.58,25.0,9.96,45.0,32.0,11.0,1.49,3.92,4.96,1.0,0.0,8.0,20.0,0.0,0.0
8470074,2008,Jeff Deslauriers,EDM,G,5on4,10,3055.0,0.25,1.0,8.0,0.2,0.0,0.75,0.0,5.15,4.0,1.27,0.0,1.83,0.0,3.85,6.0,0.25,6.0,1.0,0.0,0.13,0.11,0.0,0.0,1.0,0.0,1.0,0.0,0.0
8464999,2008,Mathieu Garon,PIT,G,other,19,1598.0,1.93,1.0,44.0,2.12,1.0,5.06,6.0,24.15,20.0,0.57,3.0,16.22,17.0,7.76,8.0,1.82,27.0,6.0,1.0,0.75,0.76,0.42,0.0,1.0,0.0,10.0,0.0,0.0
8464999,2008,Mathieu Garon,PIT,G,all,19,61234.0,48.88,53.0,952.0,36.09,41.0,117.93,101.0,524.07,502.0,16.24,28.0,292.34,243.0,216.57,280.0,47.35,552.0,126.0,52.0,15.85,14.86,18.17,12.0,16.0,25.0,222.0,0.0,0.0
8464999,2008,Mathieu Garon,PIT,G,5on5,19,46669.0,30.72,30.0,694.0,23.44,28.0,87.95,76.0,374.32,359.0,12.7,19.0,203.37,166.0,160.47,210.0,29.98,399.0,91.0,29.0,12.21,10.67,7.84,9.0,12.0,9.0,175.0,0.0,0.0
8464999,2008,Mathieu Garon,PIT,G,4on5,19,6089.0,13.71,20.0,183.0,9.45,11.0,21.8,15.0,105.63,106.0,0.32,0.0,66.18,55.0,35.3,47.0,13.1,111.0,20.0,19.0,2.4,2.41,8.9,3.0,3.0,14.0,33.0,0.0,0.0
8464999,2008,Mathieu Garon,PIT,G,5on4,19,6878.0,2.0,2.0,23.0,0.79,1.0,2.19,2.0,15.73,14.0,2.62,6.0,4.47,2.0,11.05,14.0,1.95,12.0,6.0,3.0,0.31,0.68,1.01,0.0,0.0,2.0,2.0,0.0,0.0
8469608,2008,Mike Smith,T.B,G,other,41,6092.0,12.83,11.0,195.0,8.09,10.0,24.59,34.0,113.58,124.0,2.36,3.0,65.19,55.0,45.79,52.0,12.25,109.0,45.0,11.0,3.71,5.46,3.66,4.0,3.0,4.0,30.0,19.0,4.0
8469608,2008,Mike Smith,T.B,G,all,41,147981.0,105.61,108.0,2244.0,83.69,75.0,274.76,303.0,1228.93,1282.0,37.4,34.0,691.45,541.0,531.69,673.0,102.39,1345.0,291.0,96.0,37.22,34.93,33.47,41.0,31.0,36.0,512.0,23.0,6.0
8469608,2008,Mike Smith,T.B,G,5on5,41,108136.0,61.73,60.0,1527.0,52.66,48.0,195.87,206.0,827.67,870.0,26.6,27.0,460.01,352.0,362.34,471.0,60.06,924.0,186.0,50.0,26.93,22.06,12.74,35.0,16.0,9.0,367.0,2.0,1.0
8469608,2008,Mike Smith,T.B,G,4on5,41,17969.0,26.54,33.0,451.0,20.59,17.0,47.91,55.0,238.8,235.0,0.72,0.0,151.12,117.0,86.27,112.0,25.57,262.0,48.0,30.0,5.09,5.85,15.6,2.0,11.0,20.0,111.0,0.0,0.0
8469608,2008,Mike Smith,T.B,G,5on4,41,15784.0,4.37,4.0,66.0,2.18,0.0,5.57,7.0,45.23,49.0,7.64,4.0,13.36,14.0,35.32,37.0,4.36,45.0,12.0,5.0,1.34,1.55,1.48,0.0,1.0,3.0,4.0,2.0,1.0
8474202,2008,John Curry,PIT,G,other,3,575.0,0.39,1.0,10.0,0.29,1.0,1.0,1.0,4.46,3.0,0.29,0.0,2.18,0.0,1.99,3.0,0.37,3.0,3.0,0.0,0.08,0.31,0.0,1.0,0.0,0.0,4.0,0.0,0.0
8474202,2008,John Curry,PIT,G,all,3,8985.0,6.87,6.0,133.0,4.83,7.0,14.56,11.0,69.23,69.0,2.56,2.0,37.54,30.0,30.02,37.0,6.69,69.0,21.0,6.0,1.96,2.41,2.5,1.0,2.0,3.0,37.0,0.0,0.0
8474202,2008,John Curry,PIT,G,5on5,3,6290.0,3.86,3.0,98.0,3.32,3.0,11.04,9.0,50.1,53.0,1.58,1.0,28.01,27.0,21.29,25.0,3.73,55.0,11.0,3.0,1.6,1.41,0.85,0.0,1.0,2.0,29.0,0.0,0.0
8474202,2008,John Curry,PIT,G,4on5,3,821.0,2.19,2.0,16.0,0.91,3.0,1.77,1.0,9.88,9.0,0.1,0.0,5.6,2.0,3.13,5.0,2.16,7.0,4.0,3.0,0.19,0.35,1.65,0.0,1.0,1.0,2.0,0.0,0.0
8474202,2008,John Curry,PIT,G,5on4,3,1299.0,0.42,0.0,9.0,0.3,0.0,0.74,0.0,4.79,4.0,0.58,1.0,1.75,1.0,3.61,4.0,0.42,4.0,3.0,0.0,0.09,0.34,0.0,0.0,0.0,0.0,2.0,0.0,0.0
8474771,2008,Peter Mannino,NYI,G,other,3,410.0,1.79,1.0,17.0,1.27,2.0,2.05,0.0,11.64,13.0,0.02,0.0,8.09,11.0,2.34,2.0,1.57,6.0,9.0,1.0,0.27,1.18,0.34,0.0,1.0,0.0,1.0,0.0,0.0
8474771,2008,Peter Mannino,NYI,G,all,3,7973.0,9.72,10.0,161.0,6.95,7.0,18.58,15.0,87.62,87.0,1.54,1.0,49.79,46.0,31.23,41.0,9.27,70.0,41.0,9.0,2.23,5.1,2.39,2.0,6.0,2.0,41.0,0.0,0.0
8474771,2008,Peter Mannino,NYI,G,5on5,3,6184.0,6.2,6.0,115.0,4.35,4.0,13.79,13.0,61.08,61.0,1.28,1.0,32.18,28.0,23.7,31.0,6.0,56.0,20.0,7.0,1.65,2.76,1.8,1.0,3.0,2.0,32.0,0.0,0.0
8474771,2008,Peter Mannino,NYI,G,4on5,3,725.0,1.58,3.0,28.0,1.3,1.0,2.67,2.0,14.24,12.0,0.0,0.0,9.29,7.0,4.72,7.0,1.54,8.0,11.0,1.0,0.32,1.02,0.25,1.0,2.0,0.0,8.0,0.0,0.0
8474771,2008,Peter Mannino,NYI,G,5on4,3,654.0,0.15,0.0,1.0,0.04,0.0,0.08,0.0,0.66,1.0,0.24,0.0,0.24,0.0,0.47,1.0,0.15,0.0,1.0,0.0,0.0,0.15,0.0,0.0,0.0,0.0,0.0,0.0,0.0
8471679,2008,Carey Price,MTL,G,other,52,8396.0,12.47,10.0,212.0,7.4,11.0,20.88,23.0,104.73,114.0,2.84,4.0,59.1,56.0,42.45,56.0,11.75,104.0,44.0,9.0,3.87,5.72,2.88,5.0,3.0,2.0,55.0,0.0,0.0
8471679,2008,Carey Price,MTL,G,all,52,180336.0,135.94,143.0,2840.0,101.03,113.0,333.95,326.0,1468.55,1513.0,45.39,54.0,803.69,638.0,613.03,822.0,130.36,1570.0,370.0,137.0,45.83,45.34,44.77,44.0,45.0,54.0,763.0,4.0,2.0
8471679,2008,Carey Price,MTL,G,5on5,52,132735.0,83.99,86.0,2012.0,67.13,62.0,251.71,260.0,1056.48,1096.0,31.96,41.0,569.93,447.0,447.3,592.0,81.74,1144.0,255.0,75.0,33.24,30.75,19.99,31.0,29.0,26.0,538.0,4.0,2.0
8471679,2008,Carey Price,MTL,G,4on5,52,19310.0,35.06,42.0,532.0,24.42,39.0,55.5,40.0,263.11,253.0,1.02,0.0,161.43,125.0,86.0,127.0,32.46,269.0,61.0,49.0,7.11,7.39,20.56,6.0,11.0,25.0,153.0,0.0,0.0
8471679,2008,Carey Price,MTL,G,5on4,52,19895.0,4.23,5.0,80.0,2.01,1.0,5.55,3.0,42.91,48.0,9.39,9.0,12.58,9.0,36.6,46.0,4.23,52.0,9.0,4.0,1.55,1.34,1.34,2.0,2.0,1.0,15.0,0.0,0.0
8460712,2008,Tomas Vokoun,FLA,G,other,59,4571.0,8.42,5.0,149.0,5.85,3.0,14.18,16.0,74.06,85.0,1.75,3.0,46.39,50.0,27.09,34.0,7.9,74.0,28.0,8.0,2.61,3.21,2.6,2.0,3.0,0.0,39.0,0.0,0.0
8460712,2008,Tomas Vokoun,FLA,G,all,59,199209.0,155.41,138.0,3278.0,126.28,142.0,412.17,471.0,1814.49,1856.0,51.7,63.0,1030.63,775.0,760.78,965.0,148.65,1992.0,432.0,132.0,57.43,51.06,46.91,46.0,49.0,43.0,722.0,2.0,1.0
8460712,2008,Tomas Vokoun,FLA,G,5on5,59,156866.0,108.7,93.0,2501.0,90.7,99.0,330.66,390.0,1401.46,1445.0,39.42,51.0,781.67,563.0,604.39,770.0,104.69,1558.0,324.0,83.0,46.21,38.49,24.0,35.0,37.0,21.0,536.0,2.0,1.0
8460712,2008,Tomas Vokoun,FLA,G,4on5,59,18273.0,34.49,35.0,546.0,27.57,38.0,60.64,58.0,296.16,286.0,0.92,0.0,186.92,152.0,97.78,123.0,32.36,315.0,66.0,38.0,7.23,7.73,19.53,6.0,8.0,21.0,127.0,0.0,0.0
8460712,2008,Tomas Vokoun,FLA,G,5on4,59,19499.0,2.8,4.0,56.0,1.28,2.0,3.52,3.0,28.38,28.0,9.31,9.0,8.64,3.0,23.94,29.0,2.71,28.0,10.0,3.0,0.83,1.19,0.78,2.0,1.0,1.0,15.0,0.0,0.0
8460704,2008,Johan Hedberg,ATL,G,other,33,3897.0,7.63,11.0,97.0,4.08,5.0,11.54,10.0,52.6,56.0,1.63,0.0,28.65,27.0,19.61,24.0,6.83,50.0,16.0,12.0,1.77,1.78,4.07,5.0,2.0,4.0,19.0,0.0,0.0
8460704,2008,Johan Hedberg,ATL,G,all,33,109922.0,87.14,106.0,1740.0,64.35,54.0,205.13,206.0,926.8,937.0,26.2,14.0,523.11,437.0,389.08,474.0,83.96,947.0,275.0,82.0,28.83,31.77,26.55,36.0,34.0,36.0,436.0,2.0,1.0
8460704,2008,Johan Hedberg,ATL,G,5on5,33,81747.0,53.15,58.0,1229.0,42.53,38.0,152.37,152.0,659.95,665.0,19.09,10.0,366.56,298.0,287.42,357.0,51.94,702.0,179.0,42.0,20.74,20.97,11.44,21.0,19.0,18.0,306.0,2.0,1.0
8460704,2008,Johan Hedberg,ATL,G,4on5,33,12407.0,23.86,33.0,367.0,16.43,11.0,38.09,44.0,188.9,194.0,0.9,1.0,119.7,107.0,62.89,67.0,22.68,171.0,70.0,27.0,5.31,7.79,10.76,10.0,9.0,14.0,99.0,0.0,0.0
8460704,2008,Johan Hedberg,ATL,G,5on4,33,11871.0,2.52,4.0,47.0,1.31,0.0,3.13,0.0,25.34,22.0,4.59,3.0,8.2,5.0,19.16,26.0,2.52,24.0,10.0,1.0,1.02,1.22,0.27,0.0,4.0,0.0,12.0,0.0,0.0
8467511,2008,Antero Niittymaki,PHI,G,other,32,5967.0,8.49,10.0,144.0,5.01,5.0,16.94,27.0,77.24,88.0,2.42,2.0,42.03,38.0,33.35,33.0,8.19,86.0,19.0,9.0,2.69,2.43,3.38,4.0,2.0,4.0,30.0,0.0,0.0
8467511,2008,Antero Niittymaki,PHI,G,all,32,108255.0,84.09,83.0,1761.0,65.17,75.0,213.77,205.0,936.34,947.0,28.2,19.0,526.14,434.0,391.38,496.0,80.91,1022.0,211.0,87.0,30.27,25.32,28.51,33.0,25.0,25.0,441.0,2.0,1.0
8467511,2008,Antero Niittymaki,PHI,G,5on5,32,78217.0,49.6,45.0,1184.0,39.64,48.0,146.7,134.0,617.11,608.0,20.07,14.0,338.76,283.0,263.66,334.0,48.22,681.0,130.0,49.0,19.32,15.71,14.57,17.0,16.0,12.0,324.0,2.0,1.0
8467511,2008,Antero Niittymaki,PHI,G,4on5,32,13696.0,22.99,28.0,387.0,19.01,20.0,46.31,42.0,214.13,219.0,0.96,0.0,135.97,105.0,71.86,99.0,21.52,226.0,53.0,25.0,7.27,6.19,9.52,12.0,7.0,9.0,83.0,0.0,0.0
8467511,2008,Antero Niittymaki,PHI,G,5on4,32,10375.0,2.55,0.0,40.0,1.16,2.0,2.95,2.0,23.94,28.0,4.71,3.0,7.21,4.0,20.51,28.0,2.55,25.0,8.0,3.0,0.86,0.86,0.82,0.0,0.0,0.0,4.0,0.0,0.0
8459308,2008,Manny Legace,STL,G,other,29,2562.0,4.0,6.0,66.0,1.64,3.0,6.12,9.0,28.29,39.0,1.37,0.0,14.82,11.0,12.25,19.0,3.95,42.0,5.0,3.0,1.7,0.65,1.65,3.0,2.0,1.0,16.0,0.0,0.0
8459308,2008,Manny Legace,STL,G,all,29,86839.0,54.64,77.0,1253.0,38.1,41.0,138.55,136.0,595.51,669.0,20.52,27.0,338.16,295.0,259.18,360.0,53.22,771.0,118.0,47.0,23.04,14.21,17.4,37.0,15.0,25.0,317.0,0.0,0.0
8459308,2008,Manny Legace,STL,G,5on5,29,65257.0,35.08,53.0,913.0,26.69,26.0,106.86,107.0,445.61,500.0,14.74,20.0,251.35,215.0,199.3,267.0,34.31,576.0,87.0,25.0,17.55,10.52,7.0,32.0,10.0,11.0,225.0,0.0,0.0
8459308,2008,Manny Legace,STL,G,4on5,29,9831.0,14.01,15.0,247.0,9.11,11.0,23.55,20.0,106.05,112.0,0.47,0.0,67.23,64.0,35.93,60.0,13.42,134.0,24.0,17.0,3.21,2.74,8.06,1.0,3.0,11.0,72.0,0.0,0.0
8459308,2008,Manny Legace,STL,G,5on4,29,9189.0,1.56,3.0,27.0,0.67,1.0,2.01,0.0,15.56,18.0,3.94,7.0,4.76,5.0,11.71,14.0,1.55,19.0,2.0,2.0,0.57,0.3,0.69,1.0,0.0,2.0,4.0,0.0,0.0
8471219,2008,Al Montoya,ARI,G,other,5,707.0,0.48,1.0,10.0,0.31,0.0,1.02,0.0,5.03,4.0,0.18,0.0,2.83,1.0,2.19,5.0,0.47,4.0,3.0,0.0,0.16,0.32,0.0,0.0,1.0,0.0,3.0,0.0,0.0
8471219,2008,Al Montoya,ARI,G,all,5,15568.0,10.52,9.0,243.0,8.12,5.0,26.46,24.0,118.49,120.0,3.81,0.0,69.37,62.0,50.82,66.0,9.89,129.0,32.0,9.0,3.98,3.74,2.79,0.0,6.0,3.0,73.0,0.0,0.0
8471219,2008,Al Montoya,ARI,G,5on5,5,11416.0,7.67,7.0,182.0,5.96,4.0,20.77,21.0,90.99,97.0,2.93,0.0,52.14,43.0,40.63,52.0,7.16,104.0,19.0,8.0,2.88,2.3,2.48,0.0,4.0,3.0,51.0,0.0,0.0
8471219,2008,Al Montoya,ARI,G,4on5,5,1456.0,2.32,1.0,46.0,1.81,1.0,4.54,3.0,20.94,19.0,0.05,0.0,13.98,18.0,6.67,7.0,2.21,19.0,10.0,1.0,0.89,1.12,0.31,0.0,1.0,0.0,16.0,0.0,0.0
8471219,2008,Al Montoya,ARI,G,5on4,5,1989.0,0.04,0.0,5.0,0.04,0.0,0.14,0.0,1.53,0.0,0.65,0.0,0.42,0.0,1.33,2.0,0.04,2.0,0.0,0.0,0.04,0.0,0.0,0.0,0.0,0.0,3.0,0.0,0.0
8470860,2008,Jaroslav Halak,MTL,G,other,34,4542.0,9.53,9.0,130.0,5.27,6.0,12.24,11.0,64.62,64.0,2.12,3.0,34.61,34.0,23.42,29.0,9.09,46.0,33.0,11.0,1.65,4.16,3.73,4.0,2.0,3.0,40.0,0.0,0.0
8470860,2008,Jaroslav Halak,MTL,G,all,34,115848.0,101.02,92.0,2057.0,74.37,70.0,243.35,253.0,1090.51,1077.0,29.38,25.0,595.62,508.0,454.91,556.0,96.83,1145.0,265.0,100.0,32.93,32.64,35.44,28.0,32.0,32.0,547.0,0.0,0.0
8470860,2008,Jaroslav Halak,MTL,G,5on5,34,87086.0,66.97,62.0,1539.0,53.11,47.0,190.65,204.0,822.98,812.0,20.75,20.0,449.29,374.0,352.37,430.0,64.72,886.0,197.0,58.0,26.25,24.13,16.59,22.0,27.0,13.0,398.0,0.0,0.0
8470860,2008,Jaroslav Halak,MTL,G,4on5,34,11500.0,20.66,16.0,330.0,14.31,16.0,35.94,30.0,168.49,166.0,0.62,1.0,101.43,91.0,54.45,75.0,19.21,183.0,23.0,27.0,4.17,2.65,13.84,1.0,2.0,13.0,97.0,0.0,0.0
8470860,2008,Jaroslav Halak,MTL,G,5on4,34,12720.0,3.85,5.0,58.0,1.68,1.0,4.52,8.0,34.43,35.0,5.9,1.0,10.28,9.0,24.67,22.0,3.82,30.0,12.0,4.0,0.87,1.7,1.29,1.0,1.0,3.0,12.0,0.0,0.0
8462055,2008,Marc Denis,MTL,G,other,1,0.0,0.0,0.0,0.0,0.0,0.0,0.0,0.0,0.0,0.0,0.0,0.0,0.0,0.0,0.0,0.0,0.0,0.0,0.0,0.0,0.0,0.0,0.0,0.0,0.0,0.0,0.0,0.0,0.0
8462055,2008,Marc Denis,MTL,G,all,1,1200.0,0.57,1.0,9.0,0.41,0.0,1.3,0.0,6.79,7.0,0.28,0.0,3.49,3.0,3.02,5.0,0.55,6.0,3.0,0.0,0.21,0.35,0.0,1.0,0.0,0.0,0.0,0.0,0.0
8462055,2008,Marc Denis,MTL,G,5on5,1,960.0,0.22,1.0,5.0,0.17,0.0,0.84,0.0,3.75,4.0,0.19,0.0,1.84,2.0,1.79,2.0,0.22,4.0,1.0,0.0,0.13,0.09,0.0,1.0,0.0,0.0,0.0,0.0,0.0
8462055,2008,Marc Denis,MTL,G,4on5,1,120.0,0.33,0.0,3.0,0.22,0.0,0.34,0.0,2.31,2.0,0.02,0.0,1.44,1.0,0.61,2.0,0.31,1.0,2.0,0.0,0.06,0.27,0.0,0.0,0.0,0.0,0.0,0.0,0.0
8462055,2008,Marc Denis,MTL,G,5on4,1,120.0,0.02,0.0,1.0,0.02,0.0,0.12,0.0,0.73,1.0,0.07,0.0,0.21,0.0,0.61,1.0,0.02,1.0,0.0,0.0,0.02,0.0,0.0,0.0,0.0,0.0,0.0,0.0,0.0
8468489,2008,Brent Krahn,DAL,G,other,1,0.0,0.0,0.0,0.0,0.0,0.0,0.0,0.0,0.0,0.0,0.0,0.0,0.0,0.0,0.0,0.0,0.0,0.0,0.0,0.0,0.0,0.0,0.0,0.0,0.0,0.0,0.0,0.0,0.0
8468489,2008,Brent Krahn,DAL,G,all,1,1200.0,1.09,3.0,18.0,0.76,2.0,2.48,2.0,10.25,9.0,0.18,0.0,5.51,3.0,3.82,4.0,1.02,10.0,1.0,3.0,0.29,0.11,0.69,1.0,0.0,2.0,4.0,0.0,0.0
8468489,2008,Brent Krahn,DAL,G,5on5,1,1080.0,0.98,3.0,16.0,0.68,2.0,2.39,2.0,9.57,9.0,0.18,0.0,5.05,2.0,3.58,4.0,0.91,10.0,0.0,3.0,0.29,0.0,0.69,1.0,0.0,2.0,3.0,0.0,0.0
8468489,2008,Brent Krahn,DAL,G,4on5,1,120.0,0.11,0.0,2.0,0.08,0.0,0.1,0.0,0.68,0.0,0.0,0.0,0.46,1.0,0.24,0.0,0.11,0.0,1.0,0.0,0.0,0.11,0.0,0.0,0.0,0.0,1.0,0.0,0.0
8468489,2008,Brent Krahn,DAL,G,5on4,1,0.0,0.0,0.0,0.0,0.0,0.0,0.0,0.0,0.0,0.0,0.0,0.0,0.0,0.0,0.0,0.0,0.0,0.0,0.0,0.0,0.0,0.0,0.0,0.0,0.0,0.0,0.0,0.0,0.0
